code,type,state,name,lat,long
C00,AIRPORT,ILLINOIS,MERCER COUNTY,41.2486444444,-90.7370833333
ALN,AIRPORT,ILLINOIS,ST LOUIS RGNL,38.8899166667,-90.046
K06,AIRPORT,ILLINOIS,GREATER BEARDSTOWN,39.9733805556,-90.4037333333
BLV,AIRPORT,ILLINOIS,SCOTT AFB/MIDAMERICA,38.5451666667,-89.8351944444
H96,AIRPORT,ILLINOIS,BENTON MUNI,38.0085,-88.9344444444
BMI,AIRPORT,ILLINOIS,CENTRAL IL RGNL ARPT AT BLOOMINGTON-NORMAL,40.4771111111,-88.9159166667
1C5,AIRPORT,ILLINOIS,BOLINGBROOK'S CLOW INTL,41.6959166667,-88.1295
CPS,AIRPORT,ILLINOIS,ST LOUIS DOWNTOWN,38.5703611111,-90.1550833333
CIR,AIRPORT,ILLINOIS,CAIRO RGNL,37.0641388889,-89.2195277778
CTK,AIRPORT,ILLINOIS,INGERSOLL,40.5690833333,-90.0748333333
MDH,AIRPORT,ILLINOIS,SOUTHERN ILLINOIS,37.7780833333,-89.2520277778
CUL,AIRPORT,ILLINOIS,CARMI MUNI,38.0894777778,-88.1230611111
1H8,AIRPORT,ILLINOIS,CASEY MUNI,39.3025083333,-88.0040611111
ENL,AIRPORT,ILLINOIS,CENTRALIA MUNI,38.5150833333,-89.0911388889
CMI,AIRPORT,ILLINOIS,UNIVERSITY OF ILLINOIS-WILLARD,40.0388333333,-88.2778055556
MDW,AIRPORT,ILLINOIS,CHICAGO MIDWAY INTL,41.7859722222,-87.7524166667
ORD,AIRPORT,ILLINOIS,CHICAGO O'HARE INTL,41.9773194444,-87.9080055556
IGQ,AIRPORT,ILLINOIS,LANSING MUNI,41.5349166667,-87.5295277778
ARR,AIRPORT,ILLINOIS,AURORA MUNI,41.7719166667,-88.4756666667
3CK,AIRPORT,ILLINOIS,LAKE IN THE HILLS,42.2068083333,-88.3229944444
PWK,AIRPORT,ILLINOIS,CHICAGO EXECUTIVE,42.1142777778,-87.9015277778
RFD,AIRPORT,ILLINOIS,CHICAGO/ROCKFORD INTL,42.1953611111,-89.0972222222
LOT,AIRPORT,ILLINOIS,LEWIS UNIVERSITY,41.6081111111,-88.0961944444
4H1,HELIPORT,ILLINOIS,SCHAUMBURG MUNI HELISTOP,42.0480805556,-88.0525694444
06C,AIRPORT,ILLINOIS,SCHAUMBURG RGNL,41.9893388889,-88.1012416667
TF8,HELIPORT,ILLINOIS,TINLEY PARK HELISTOP,41.5591666667,-87.8058333333
UGN,AIRPORT,ILLINOIS,WAUKEGAN RGNL,42.4221583333,-87.8679055556
DPA,AIRPORT,ILLINOIS,DUPAGE,41.9070555556,-88.248
H49,AIRPORT,ILLINOIS,SACKMAN FIELD,38.4523055556,-90.2360555556
C82,AIRPORT,ILLINOIS,BRESSON,41.7625277778,-89.1014805556
DNV,AIRPORT,ILLINOIS,VERMILION REGIONAL,40.1996944444,-87.5955277778
DKB,AIRPORT,ILLINOIS,DE KALB TAYLOR MUNI,41.9338333333,-88.7056861111
DEC,AIRPORT,ILLINOIS,DECATUR,39.8345611111,-88.8656888889
C73,AIRPORT,ILLINOIS,DIXON MUNI-CHARLES R WALGREEN FIELD,41.8336972222,-89.4462111111
DTG,AIRPORT,ILLINOIS,DWIGHT,41.1326194444,-88.4386444444
1H2,AIRPORT,ILLINOIS,EFFINGHAM COUNTY MEMORIAL,39.0704444444,-88.5335277778
3H5,ULTRALIGHT,ILLINOIS,ERIE AIR PARK,41.6824166667,-90.0786111111
FWC,AIRPORT,ILLINOIS,FAIRFIELD MUNI,38.3786305556,-88.41265
FOA,AIRPORT,ILLINOIS,FLORA MUNI,38.6649888889,-88.4531111111
FEP,AIRPORT,ILLINOIS,ALBERTUS,42.2461138889,-89.581975
C86,AIRPORT,ILLINOIS,FREEPORT/DORNINK,42.3777916667,-89.5640027778
GBG,AIRPORT,ILLINOIS,GALESBURG MUNI,40.938,-90.4311222222
3G8,AIRPORT,ILLINOIS,GEN-AIRPARK,41.4397777778,-90.1100555556
C81,AIRPORT,ILLINOIS,CAMPBELL,42.3246111111,-88.0740861111
GRE,AIRPORT,ILLINOIS,GREENVILLE,38.8362222222,-89.3788888889
10C,AIRPORT,ILLINOIS,GALT FIELD,42.4028888889,-88.3751111111
HSB,AIRPORT,ILLINOIS,HARRISBURG-RALEIGH,37.8112555556,-88.5502583333
0C0,AIRPORT,ILLINOIS,DACY,42.4024722222,-88.6323888889
9I0,AIRPORT,ILLINOIS,HAVANA RGNL,40.2226916667,-90.0227805556
H07,AIRPORT,ILLINOIS,HIGHLAND-WINET,38.77925,-89.64045
0C2,AIRPORT,ILLINOIS,HINCKLEY,41.7708611111,-88.7034138889
IJX,AIRPORT,ILLINOIS,JACKSONVILLE MUNI,39.7746111111,-90.2382777778
JOT,AIRPORT,ILLINOIS,JOLIET RGNL,41.5176583333,-88.1755222222
IKK,AIRPORT,ILLINOIS,GREATER KANKAKEE,41.0713888889,-87.8462777778
3KK,AIRPORT,ILLINOIS,KANKAKEE,41.1000305556,-87.9167083333
EZI,AIRPORT,ILLINOIS,KEWANEE MUNI,41.2051944444,-89.9638611111
C75,AIRPORT,ILLINOIS,MARSHALL COUNTY,41.0188333333,-89.3857777778
LWV,AIRPORT,ILLINOIS,LAWRENCEVILLE-VINCENNES INTL,38.7642777778,-87.6055
AAA,AIRPORT,ILLINOIS,LOGAN COUNTY,40.1586944444,-89.3350277778
3LF,AIRPORT,ILLINOIS,LITCHFIELD MUNI,39.1625,-89.6746388889
2V3,AIRPORT,ILLINOIS,HARTENBOWER HECTARES,41.1815,-89.1466944444
MQB,AIRPORT,ILLINOIS,MACOMB MUNI,40.5200833333,-90.6523888889
MWA,AIRPORT,ILLINOIS,WILLIAMSON COUNTY RGNL,37.7549722222,-89.0110833333
MTO,AIRPORT,ILLINOIS,COLES COUNTY MEMORIAL,39.4778888889,-88.2799722222
0C7,AIRPORT,ILLINOIS,GRANDPA'S FARM MENDOTA,41.521975,-89.1325833333
M30,AIRPORT,ILLINOIS,METROPOLIS MUNI,37.1829444444,-88.7506666667
MLI,AIRPORT,ILLINOIS,QUAD CITY INTL,41.4482777778,-90.5075277778
I04,SEAPLANE BASE,ILLINOIS,QUAD-CITY,41.4600333333,-90.4929083333
C56,AIRPORT,ILLINOIS,BULT FIELD,41.3774166667,-87.67975
C66,AIRPORT,ILLINOIS,MONMOUTH MUNI,40.9297027778,-90.6311055556
2K0,AIRPORT,ILLINOIS,PIATT COUNTY,40.0052777778,-88.5585833333
C09,AIRPORT,ILLINOIS,MORRIS MUNI - JAMES R WASHBURN FIELD,41.4240555556,-88.4186388889
AJG,AIRPORT,ILLINOIS,MOUNT CARMEL MUNI,38.6065277778,-87.7266944444
C55,AIRPORT,ILLINOIS,OGLE COUNTY,42.03725,-89.3928833333
I63,AIRPORT,ILLINOIS,MOUNT STERLING MUNI,39.9853888889,-90.8041388889
MVN,AIRPORT,ILLINOIS,MOUNT VERNON,38.3233611111,-88.8585
0C8,AIRPORT,ILLINOIS,CUSHING FIELD LTD,41.519475,-88.6056277778
OLY,AIRPORT,ILLINOIS,OLNEY-NOBLE,38.721825,-88.1764305556
8N2,AIRPORT,ILLINOIS,SKYDIVE CHICAGO,41.3997777778,-88.7939166667
5K1,AIRPORT,ILLINOIS,ZELMER MEMORIAL AIRPARK INC,39.4200472222,-89.9912166667
PRG,AIRPORT,ILLINOIS,EDGAR COUNTY,39.6996666667,-87.6707777778
1C1,AIRPORT,ILLINOIS,PAXTON,40.4489777778,-88.1277361111
C15,AIRPORT,ILLINOIS,PEKIN MUNI,40.4881944444,-89.6758888889
PIA,AIRPORT,ILLINOIS,GENERAL DOWNING - PEORIA INTL,40.6641944444,-89.69325
3MY,AIRPORT,ILLINOIS,MOUNT HAWLEY AUXILIARY,40.7958055556,-89.6134722222
VYS,AIRPORT,ILLINOIS,ILLINOIS VALLEY RGNL-WALTER A DUNCAN FIELD,41.3501388889,-89.1529444444
PJY,AIRPORT,ILLINOIS,PINCKNEYVILLE-DU QUOIN,37.9778833333,-89.3604472222
PPQ,AIRPORT,ILLINOIS,PITTSFIELD PENSTONE MUNI,39.6388888889,-90.7785583333
PNT,AIRPORT,ILLINOIS,PONTIAC MUNI,40.9244444444,-88.6239444444
C77,AIRPORT,ILLINOIS,POPLAR GROVE,42.3228611111,-88.8363055556
UIN,AIRPORT,ILLINOIS,QUINCY RGNL-BALDWIN FIELD,39.9430166667,-91.1944611111
TIP,AIRPORT,ILLINOIS,RANTOUL NATL AVN CNTR-FRANK ELLIOTT FLD,40.2935555556,-88.1423888889
RSV,AIRPORT,ILLINOIS,CRAWFORD CO,39.0160277778,-87.6497777778
RPJ,AIRPORT,ILLINOIS,ROCHELLE MUNI AIRPORT-KORITZ FIELD,41.8926388889,-89.0796111111
1C8,AIRPORT,ILLINOIS,COTTONWOOD,42.2916833333,-89.1362166667
5K4,AIRPORT,ILLINOIS,SCHUY-RUSH,40.1175444444,-90.5904027778
SLO,AIRPORT,ILLINOIS,SALEM-LECKRONE,38.6428722222,-88.9641833333
SFY,AIRPORT,ILLINOIS,TRI-TOWNSHIP,42.0458333333,-90.1079444444
2H0,AIRPORT,ILLINOIS,SHELBY COUNTY,39.4106,-88.8454222222
SAR,AIRPORT,ILLINOIS,SPARTA COMMUNITY-HUNTER FIELD,38.1488611111,-89.6985027778
SPI,AIRPORT,ILLINOIS,ABRAHAM LINCOLN CAPITAL,39.8442222222,-89.6780833333
3K6,AIRPORT,ILLINOIS,ST LOUIS METRO-EAST/SHAFER FIELD,38.7329083333,-89.8065666667
SQI,AIRPORT,ILLINOIS,WHITESIDE CO ARPT-JOS H BITTORF FLD,41.7428333333,-89.6762777778
TAZ,AIRPORT,ILLINOIS,TAYLORVILLE MUNI,39.5325833333,-89.3307055556
K96,AIRPORT,ILLINOIS,TUSCOLA,39.7811972222,-88.3064444444
C16,AIRPORT,ILLINOIS,FRASCA FIELD,40.1463972222,-88.1984861111
VLA,AIRPORT,ILLINOIS,VANDALIA MUNI,38.9913055556,-89.1662222222
2T2,AIRPORT,ILLINOIS,PERCIVAL SPRINGS,39.0144444444,-88.5392777778
2C6,AIRPORT,ILLINOIS,TRI-COUNTY,40.774,-90.0744166667
I99,AIRPORT,INDIANA,ALEXANDRIA,40.2325111111,-85.6375305556
AID,AIRPORT,INDIANA,ANDERSON MUNI-DARLINGTON FIELD,40.1086111111,-85.613
I58,SEAPLANE BASE,INDIANA,CROOKED LAKE,41.6724166667,-85.0413888889
01E,SEAPLANE BASE,INDIANA,LAKE JAMES,41.7,-85.0393055556
C67,SEAPLANE BASE,INDIANA,LAKE PLEASANT,41.757,-85.0919444444
ANQ,AIRPORT,INDIANA,TRI-STATE STEUBEN COUNTY,41.6396972222,-85.0834916667
GWB,AIRPORT,INDIANA,DE KALB COUNTY,41.3071666667,-85.0643611111
HLB,AIRPORT,INDIANA,BATESVILLE,39.3431277778,-85.258425
BFR,AIRPORT,INDIANA,VIRGIL I GRISSOM MUNI,38.8400277778,-86.4453611111
1I3,AIRPORT,INDIANA,SHAWNEE FIELD,39.0427222222,-87.00275
07I,SEAPLANE BASE,INDIANA,LAKE MONROE,39.0613333333,-86.4460833333
BMG,AIRPORT,INDIANA,MONROE COUNTY,39.1460194444,-86.6166777778
C40,AIRPORT,INDIANA,MILLER,40.7167111111,-85.2499694444
I91,AIRPORT,INDIANA,BOONVILLE,38.0425444444,-87.3177833333
0I2,AIRPORT,INDIANA,BRAZIL CLAY COUNTY,39.4767333333,-87.0997083333
12I,SEAPLANE BASE,INDIANA,BROOKVILLE RESERVOIR,39.5333055556,-85.0005555556
1I6,HELIPORT,INDIANA,HOLIDAY INN LAKEVIEW,38.2834027778,-85.7557944444
57P,SEAPLANE BASE,INDIANA,CLEAR LAKE,41.7356111111,-84.8372222222
1I7,AIRPORT,INDIANA,CLINTON,39.7120027778,-87.4002944444
BAK,AIRPORT,INDIANA,COLUMBUS MUNI,39.2619166667,-85.8963333333
CEV,AIRPORT,INDIANA,METTEL FIELD,39.6981944444,-85.1311388889
1I8,AIRPORT,INDIANA,CONVERSE,40.5708722222,-85.89165
CFJ,AIRPORT,INDIANA,CRAWFORDSVILLE MUNI,39.9746388889,-86.9210833333
01H,SEAPLANE BASE,INDIANA,LAKE MAXINKUCKEE,41.2061111111,-86.4044444444
1I9,AIRPORT,INDIANA,DELPHI MUNI,40.543,-86.6814833333
EKM,AIRPORT,INDIANA,ELKHART MUNI,41.7194055556,-86.0032166667
3C1,AIRPORT,INDIANA,MISHAWAKA PILOTS CLUB,41.6569916667,-86.0347222222
78I,AIRPORT,INDIANA,PAM'S PLACE,39.5016472222,-86.6885
EVV,AIRPORT,INDIANA,EVANSVILLE RGNL,38.0408055556,-87.5285
3EV,AIRPORT,INDIANA,SKYLANE,38.0116666667,-87.5947222222
5I2,AIRPORT,INDIANA,FLORA MUNI,40.5397583333,-86.5483305556
FWA,AIRPORT,INDIANA,FORT WAYNE INTL,40.9784722222,-85.1951666667
SMD,AIRPORT,INDIANA,SMITH FIELD,41.1433611111,-85.1527777778
FKR,AIRPORT,INDIANA,FRANKFORT MUNI,40.2734305556,-86.5621694444
3FK,AIRPORT,INDIANA,FRANKLIN FLYING FIELD,39.4264388889,-86.0583194444
FRH,AIRPORT,INDIANA,FRENCH LICK MUNI,38.5062222222,-86.6369444444
06I,SEAPLANE BASE,INDIANA,PATOKA RESERVOIR LANDING AREA,38.4333861111,-86.6911
5I6,AIRPORT,INDIANA,GALVESTON,40.5842027778,-86.2569388889
GYY,AIRPORT,INDIANA,GARY/CHICAGO INTL,41.61725,-87.4145277778
GSH,AIRPORT,INDIANA,GOSHEN MUNI,41.5262638889,-85.7941611111
GPC,AIRPORT,INDIANA,PUTNAM COUNTY RGNL,39.6335277778,-86.8138055556
GFD,AIRPORT,INDIANA,POPE FIELD,39.7903194444,-85.7360861111
I34,AIRPORT,INDIANA,GREENSBURG MUNICIPAL,39.3269111111,-85.522525
05C,AIRPORT,INDIANA,GRIFFITH-MERRILLVILLE,41.5198388889,-87.3995055556
I61,AIRPORT,INDIANA,HAGERSTOWN,39.8891666667,-85.1633333333
II9,HELIPORT,INDIANA,WILBUR WRIGHT BIRTHPLACE,39.9541666667,-85.2433333333
01F,SEAPLANE BASE,INDIANA,HAMILTON LAKE,41.5522222222,-84.9172222222
64I,AIRPORT,INDIANA,LEE BOTTOM,38.6314416667,-85.4434194444
3HO,AIRPORT,INDIANA,HOBART SKY RANCH,41.5542027778,-87.2625333333
HNB,AIRPORT,INDIANA,HUNTINGBURG,38.2490277778,-86.9536944444
HHG,AIRPORT,INDIANA,HUNTINGTON MUNI,40.8529166667,-85.4570555556
EYE,AIRPORT,INDIANA,EAGLE CREEK AIRPARK,39.8307166667,-86.2943833333
HFY,AIRPORT,INDIANA,GREENWOOD MUNI,39.6276111111,-86.0880277778
2R2,AIRPORT,INDIANA,HENDRICKS COUNTY-GORDON GRAHAM FLD,39.7467777778,-86.4751666667
8A4,HELIPORT,INDIANA,INDIANAPOLIS DOWNTOWN,39.765875,-86.148875
TYQ,AIRPORT,INDIANA,INDIANAPOLIS EXECUTIVE,40.0306666667,-86.2514444444
IND,AIRPORT,INDIANA,INDIANAPOLIS INTL,39.7173055556,-86.2946388889
UMP,AIRPORT,INDIANA,INDIANAPOLIS METROPOLITAN,39.9353972222,-86.0450666667
MQJ,AIRPORT,INDIANA,INDIANAPOLIS RGNL,39.8431388889,-85.8977222222
7L8,AIRPORT,INDIANA,POST-AIR,39.7500416667,-86.0138694444
JVY,AIRPORT,INDIANA,CLARK RGNL,38.3654166667,-85.7381944444
C62,AIRPORT,INDIANA,KENDALLVILLE MUNI,41.4727138889,-85.2608083333
50I,AIRPORT,INDIANA,KENTLAND MUNI,40.7587416667,-87.429125
OXI,AIRPORT,INDIANA,STARKE COUNTY,41.3301944444,-86.6648055556
8I3,AIRPORT,INDIANA,GLENNDALE,40.4333694444,-86.203325
OKK,AIRPORT,INDIANA,KOKOMO MUNI,40.5276555556,-86.0597361111
PPO,AIRPORT,INDIANA,LA PORTE MUNI,41.5724722222,-86.734525
LAF,AIRPORT,INDIANA,PURDUE UNIVERSITY,40.4123055556,-86.9368888889
C98,AIRPORT,INDIANA,LAKE VILLAGE,41.1500333333,-87.4625305556
6I4,AIRPORT,INDIANA,BOONE COUNTY,40.0072611111,-86.4405527778
GGP,AIRPORT,INDIANA,LOGANSPORT/CASS COUNTY,40.7112777778,-86.3726944444
C97,AIRPORT,INDIANA,LOWELL,41.2301388889,-87.5076944444
IMS,AIRPORT,INDIANA,MADISON MUNI,38.7599166667,-85.4646944444
MZZ,AIRPORT,INDIANA,MARION MUNI,40.4899166667,-85.6797777778
C92,AIRPORT,INDIANA,MENTONE,41.1500416667,-86.0624944444
MGC,AIRPORT,INDIANA,MICHIGAN CITY MUNI-PHILLIPS FIELD,41.7033166667,-86.8212416667
MCX,AIRPORT,INDIANA,WHITE COUNTY,40.7101944444,-86.7667916667
MIE,AIRPORT,INDIANA,DELAWARE COUNTY RGNL,40.2424722222,-85.39575
7I2,AIRPORT,INDIANA,REESE,40.1542083333,-85.3166361111
C03,AIRPORT,INDIANA,NAPPANEE MUNI,41.4461555556,-85.9360444444
UWL,AIRPORT,INDIANA,NEW CASTLE-HENRY CO MUNI,39.87585,-85.3264666667
I80,AIRPORT,INDIANA,NOBLESVILLE,40.0035,-85.9645277778
OVO,AIRPORT,INDIANA,NORTH VERNON,39.0453333333,-85.6056111111
I20,AIRPORT,INDIANA,ED-AIR,38.8514972222,-87.4997916667
7I4,AIRPORT,INDIANA,ORLEANS,38.6583861111,-86.4430416667
I42,AIRPORT,INDIANA,PAOLI MUNI,38.5854583333,-86.4646444444
GUS,AIRPORT,INDIANA,GRISSOM ARB,40.6480916667,-86.1521166667
43I,SEAPLANE BASE,INDIANA,MISSISSINEWA RESERVOIR LANDING AREA,40.7036527778,-85.9324861111
I76,AIRPORT,INDIANA,PERU MUNI,40.7857722222,-86.1464333333
C65,AIRPORT,INDIANA,PLYMOUTH MUNI,41.3651305556,-86.3002555556
PLD,AIRPORT,INDIANA,PORTLAND MUNI,40.4515833333,-84.9890277778
RZL,AIRPORT,INDIANA,JASPER COUNTY,40.9478222222,-87.1826472222
RID,AIRPORT,INDIANA,RICHMOND MUNI,39.7560833333,-84.8426944444
RCR,AIRPORT,INDIANA,FULTON COUNTY,41.0655472222,-86.1817027778
I83,AIRPORT,INDIANA,SALEM MUNI,38.602,-86.1399777778
3R8,AIRPORT,INDIANA,SCOTTSBURG,38.6572805556,-85.7902444444
SER,AIRPORT,INDIANA,FREEMAN MUNI,38.9246972222,-85.9083527778
GEZ,AIRPORT,INDIANA,SHELBYVILLE MUNI,39.5831388889,-85.8048055556
5I4,AIRPORT,INDIANA,SHERIDAN,40.177925,-86.2172972222
SBN,AIRPORT,INDIANA,SOUTH BEND INTL,41.7082222222,-86.3173333333
SIV,AIRPORT,INDIANA,SULLIVAN COUNTY,39.1147111111,-87.4483277778
99D,SEAPLANE BASE,INDIANA,DEWART LAKE,41.3719444444,-85.7727777778
01D,SEAPLANE BASE,INDIANA,LAKE WAWASEE,41.4036111111,-85.7061111111
TEL,AIRPORT,INDIANA,PERRY COUNTY MUNI,38.0188611111,-86.6924166667
3I3,AIRPORT,INDIANA,SKY KING,39.5477861111,-87.37735
HUF,AIRPORT,INDIANA,TERRE HAUTE INTL-HULMAN FIELD,39.4514722222,-87.3075833333
VPZ,AIRPORT,INDIANA,PORTER COUNTY RGNL,41.4539722222,-87.0070833333
8I1,AIRPORT,INDIANA,ROBINSON,38.6945055556,-85.1982861111
IWH,AIRPORT,INDIANA,WABASH MUNI,40.7619722222,-85.79875
01B,SEAPLANE BASE,INDIANA,TIPPECANOE,41.3330555556,-85.7675
ASW,AIRPORT,INDIANA,WARSAW MUNI,41.2746944444,-85.8400555556
DCY,AIRPORT,INDIANA,DAVIESS COUNTY,38.7004222222,-87.1297305556
4C2,AIRPORT,INDIANA,WALKER/ROWE WATERLOO,41.4311611111,-84.9816305556
I72,AIRPORT,INDIANA,WESTFIELD,40.048925,-86.1577666667
RWN,AIRPORT,INDIANA,ARENS FIELD,41.0922611111,-86.6128694444
I22,AIRPORT,INDIANA,RANDOLPH COUNTY,40.1676944444,-84.9293888889
01L,SEAPLANE BASE,INDIANA,BASS LAKE,41.2288888889,-86.5816666667
02D,SEAPLANE BASE,INDIANA,WINONA LAKE,41.2230555556,-85.8305555556
ADG,AIRPORT,MICHIGAN,LENAWEE COUNTY,41.8676722222,-84.0773055556
35D,AIRPORT,MICHIGAN,PADGHAM FIELD,42.5304361111,-85.8237777778
AMN,AIRPORT,MICHIGAN,GRATIOT COMMUNITY,43.3221388889,-84.6879444444
APN,AIRPORT,MICHIGAN,ALPENA COUNTY RGNL,45.0780833333,-83.5603055556
ARB,AIRPORT,MICHIGAN,ANN ARBOR MUNI,42.2229833333,-83.7456055556
Y93,AIRPORT,MICHIGAN,ATLANTA MUNI,44.9968944444,-84.1272333333
39G,AIRPORT,MICHIGAN,AVOCA,43.030025,-82.6693666667
E53,AIRPORT,MICHIGAN,ENGLER FIELD,43.8462333333,-83.0467916667
BAX,AIRPORT,MICHIGAN,HURON COUNTY MEMORIAL,43.7802222222,-82.9854166667
7D3,AIRPORT,MICHIGAN,BALDWIN MUNI,43.8755333333,-85.8420805556
4M4,AIRPORT,MICHIGAN,SHADY LAWN FIELD,43.1286388889,-84.3812638889
41G,AIRPORT,MICHIGAN,UNIVERSITY AIRPARK,42.8403111111,-84.4791444444
BTL,AIRPORT,MICHIGAN,W K KELLOGG,42.3064722222,-85.2500888889
3CM,AIRPORT,MICHIGAN,JAMES CLEMENTS MUNI,43.5469444444,-83.8954722222
SJX,AIRPORT,MICHIGAN,BEAVER ISLAND,45.6922222222,-85.5666111111
6Y8,AIRPORT,MICHIGAN,WELKE,45.7211611111,-85.5203444444
ACB,AIRPORT,MICHIGAN,ANTRIM COUNTY,44.9885833333,-85.1983611111
43G,AIRPORT,MICHIGAN,BELLEVILLE,42.1767055556,-83.5457694444
BEH,AIRPORT,MICHIGAN,SOUTHWEST MICHIGAN RGNL,42.1285277778,-86.4261333333
C20,AIRPORT,MICHIGAN,ANDREWS UNIVERSITY AIRPARK,41.9510555556,-86.3680833333
RQB,AIRPORT,MICHIGAN,ROBEN-HOOD,43.7226388889,-85.5040555556
44G,AIRPORT,MICHIGAN,BETZ,41.8556027778,-83.8707722222
6Y1,AIRPORT,MICHIGAN,BOIS BLANC ISLAND,45.7662972222,-84.5038138889
N98,AIRPORT,MICHIGAN,BOYNE CITY MUNI,45.2088111111,-84.9898833333
BFA,AIRPORT,MICHIGAN,BOYNE MOUNTAIN,45.1658388889,-84.9241138889
45G,AIRPORT,MICHIGAN,BRIGHTON,42.5698138889,-83.7785277778
6G8,AIRPORT,MICHIGAN,SHAMROCK FLD,42.0950388889,-84.2407805556
CAD,AIRPORT,MICHIGAN,WEXFORD COUNTY,44.2753333333,-85.4189166667
W87,AIRPORT,MICHIGAN,BUZZWICK,42.0174527778,-83.3735944444
CFS,AIRPORT,MICHIGAN,TUSCOLA AREA,43.4588611111,-83.4454444444
CVX,AIRPORT,MICHIGAN,CHARLEVOIX MUNI,45.3048611111,-85.2753055556
FPK,AIRPORT,MICHIGAN,FITCH H BEACH,42.5740833333,-84.8121111111
49G,AIRPORT,MICHIGAN,WEND VALLEY,42.57795,-84.9090111111
SLH,AIRPORT,MICHIGAN,CHEBOYGAN COUNTY,45.6537861111,-84.5193027778
2M7,AIRPORT,MICHIGAN,HOFFMAN'S BLACK MOUNTAIN AERODROME,45.5319444444,-84.3080555556
50G,AIRPORT,MICHIGAN,HOWARD NIXON MEMORIAL,43.181975,-84.1332916667
48D,AIRPORT,MICHIGAN,CLARE MUNI,43.8344444444,-84.7402222222
7N4,AIRPORT,MICHIGAN,HONEY ACRES,42.0778194444,-83.9860527778
51G,AIRPORT,MICHIGAN,ALKAY,43.1434444444,-83.7969527778
OEB,AIRPORT,MICHIGAN,BRANCH COUNTY MEMORIAL,41.9335666667,-85.0522916667
56M,AIRPORT,MICHIGAN,MILLSTREAM AIRPARK,42.963025,-84.0445722222
55G,AIRPORT,MICHIGAN,ARNOLD FIELD,43.2978,-82.6078638889
50D,AIRPORT,MICHIGAN,IRON COUNTY,46.0090777778,-88.274025
6G0,AIRPORT,MICHIGAN,ATHELONE WILLIAMS MEMORIAL,43.0291361111,-83.5296722222
DET,AIRPORT,MICHIGAN,COLEMAN A YOUNG MUNI,42.409325,-83.0101805556
DTW,AIRPORT,MICHIGAN,DETROIT METROPOLITAN WAYNE COUNTY,42.2124166667,-83.3533888889
YIP,AIRPORT,MICHIGAN,WILLOW RUN,42.2400277778,-83.5308888889
ONZ,AIRPORT,MICHIGAN,GROSSE ILE MUNI,42.0990777778,-83.1614666667
200000000,AIRPORT,MICHIGAN,CACKLEBERRY,42.425125,-83.8685416667
C91,AIRPORT,MICHIGAN,DOWAGIAC MUNI,41.9929166667,-86.1282777778
DRM,AIRPORT,MICHIGAN,DRUMMOND ISLAND,46.0093111111,-83.7439333333
D22,SEAPLANE BASE,MICHIGAN,YACHT HAVEN,46.0247944444,-83.7525138889
29M,AIRPORT,MICHIGAN,WAITE FIELD,42.8907222222,-83.9320416667
Y94,AIRPORT,MICHIGAN,EAST JORDAN CITY,45.1301833333,-85.1068138889
6D9,AIRPORT,MICHIGAN,IOSCO COUNTY,44.3128333333,-83.4223055556
59M,AIRPORT,MICHIGAN,TORCHPORT,45.0533861111,-85.3566805556
60G,AIRPORT,MICHIGAN,SKYWAY ESTATES,42.5838083333,-84.6514805556
34U,AIRPORT,MICHIGAN,YUBA,44.8388888889,-85.4311805556
68R,AIRPORT,MICHIGAN,HAMP,43.399475,-84.8008444444
200,AIRPORT,MICHIGAN,SHARPE'S STRIP,42.9516111111,-82.7759166667
Y87,AIRPORT,MICHIGAN,EMPIRE,44.7905138889,-86.0027694444
ESC,AIRPORT,MICHIGAN,DELTA COUNTY,45.7226666667,-87.0937222222
9C8,AIRPORT,MICHIGAN,EVART MUNI,43.8948611111,-85.28475
FNT,AIRPORT,MICHIGAN,BISHOP INTL,42.9654722222,-83.74475
3DA,AIRPORT,MICHIGAN,DALTON,43.0525,-83.8048972222
65G,AIRPORT,MICHIGAN,MAPLE GROVE,42.7172555556,-84.0624583333
E66,HELIPORT,MICHIGAN,MAPLE GROVE,42.7170833333,-84.0619444444
66G,AIRPORT,MICHIGAN,WM 'TINY' ZEHNDER FIELD,43.3139111111,-83.7096833333
FKS,AIRPORT,MICHIGAN,FRANKFORT DOW MEMORIAL FIELD,44.6252194444,-86.2008083333
FFX,AIRPORT,MICHIGAN,FREMONT MUNI,43.4393055556,-85.9948888889
39Z,AIRPORT,MICHIGAN,FLYING-A-RANCH,43.1050166667,-86.1236611111
GLR,AIRPORT,MICHIGAN,GAYLORD RGNL,45.0130277778,-84.7034444444
4Y4,AIRPORT,MICHIGAN,LAKES OF THE NORTH,44.9118055556,-84.8753388889
68G,AIRPORT,MICHIGAN,DUFORD FIELD,43.125025,-83.6263444444
GDW,AIRPORT,MICHIGAN,GLADWIN ZETTEL MEMORIAL,43.9705888889,-84.4750194444
5M6,AIRPORT,MICHIGAN,SUGAR SPRINGS AIRPARK,44.1403694444,-84.436975
3GM,AIRPORT,MICHIGAN,GRAND HAVEN MEMORIAL AIRPARK,43.0340555556,-86.1981666667
4D0,AIRPORT,MICHIGAN,ABRAMS MUNI,42.7748805556,-84.7331361111
Y98,AIRPORT,MICHIGAN,GRAND MARAIS,46.6203638889,-85.9200833333
GRR,AIRPORT,MICHIGAN,GERALD R FORD INTL,42.8808333333,-85.5228055556
GOV,AIRPORT,MICHIGAN,GRAYLING AAF,44.6803333333,-84.7288611111
6D6,AIRPORT,MICHIGAN,GREENVILLE MUNI,43.1421388889,-85.2538611111
69G,AIRPORT,MICHIGAN,RICHMOND FIELD,42.4417,-84.0666166667
H80,AIRPORT,MICHIGAN,FIELD OF DREAMS,44.3646944444,-83.7626666667
M47,SEAPLANE BASE,MICHIGAN,SAGE LAKE SPB,44.35,-83.9422222222
CMX,AIRPORT,MICHIGAN,HOUGHTON COUNTY MEMORIAL,47.1684166667,-88.4890583333
MGN,AIRPORT,MICHIGAN,HARBOR SPRINGS,45.4254722222,-84.9134722222
4Y9,AIRPORT,MICHIGAN,EAGLES LANDING,44.3083361111,-85.7722888889
80D,AIRPORT,MICHIGAN,CLARE COUNTY,44.0522777778,-84.8131333333
5Y0,AIRPORT,MICHIGAN,HARRISVILLE,44.6682222222,-83.3051111111
Z92,AIRPORT,MICHIGAN,HARSENS ISLAND,42.5894166667,-82.5756222222
HD6,HELIPORT,MICHIGAN,HARSENS ISLAND,42.5922277778,-82.57195
C04,AIRPORT,MICHIGAN,OCEANA COUNTY,43.6416333333,-86.3290638889
9D9,AIRPORT,MICHIGAN,HASTINGS,42.6635472222,-85.3462055556
5Y1,AIRPORT,MICHIGAN,ALBERT J LINDBERG,46.0358472222,-84.4197555556
13D,HELIPORT,MICHIGAN,PONDEROSA,42.6291666667,-83.6830833333
Y95,AIRPORT,MICHIGAN,HILLMAN,45.0829277778,-83.9340222222
JYM,AIRPORT,MICHIGAN,HILLSDALE MUNI,41.9213027778,-84.5866972222
HLM,AIRPORT,MICHIGAN,PARK TOWNSHIP,42.7959111111,-86.1619861111
BIV,AIRPORT,MICHIGAN,WEST MICHIGAN RGNL,42.7427777778,-86.1078333333
HTL,AIRPORT,MICHIGAN,ROSCOMMON COUNTY - BLODGETT MEMORIAL,44.3598666667,-84.6694805556
5Y2,AIRPORT,MICHIGAN,HOUGHTON LAKE STATE,44.3291805556,-84.7916944444
13M,BALLOONPORT,MICHIGAN,AERONUT PARK,42.6041666667,-83.8586111111
OZW,AIRPORT,MICHIGAN,LIVINGSTON COUNTY SPENCER J HARDY,42.6294277778,-83.9821916667
4Y1,AIRPORT,MICHIGAN,RAETHER,42.5651944444,-83.8562916667
Y65,AIRPORT,MICHIGAN,CALVIN CAMPBELL MUNI,45.4083444444,-84.6000333333
Y88,AIRPORT,MICHIGAN,GREEN LAKE,44.6057027778,-85.7567888889
Y70,AIRPORT,MICHIGAN,IONIA COUNTY,42.9379277778,-85.0605722222
IMT,AIRPORT,MICHIGAN,FORD,45.8183611111,-88.1145555556
Y73,AIRPORT,MICHIGAN,STAMBAUGH,46.0787638889,-88.6354916667
IWD,AIRPORT,MICHIGAN,GOGEBIC-IRON COUNTY,46.5274722222,-90.1313888889
M61,AIRPORT,MICHIGAN,EDWARD F JOHNSON,46.3452166667,-87.7884666667
JXN,AIRPORT,MICHIGAN,JACKSON COUNTY-REYNOLDS FIELD,42.2604166667,-84.4604444444
08C,AIRPORT,MICHIGAN,RIVERVIEW,42.9367222222,-85.80575
AZO,AIRPORT,MICHIGAN,KALAMAZOO/BATTLE CREEK INTL,42.2343888889,-85.5515555556
4N0,AIRPORT,MICHIGAN,NEWMAN'S,42.288925,-85.7500083333
Y89,AIRPORT,MICHIGAN,KALKASKA CITY,44.7251833333,-85.203125
24M,AIRPORT,MICHIGAN,WILDERNESS AIRPARK,43.2447444444,-85.7117083333
15W,AIRPORT,MICHIGAN,DENNIS FARMS,42.8944166667,-84.3922222222
Y91,AIRPORT,MICHIGAN,HOME ACRES SKY RANCH,44.3202861111,-85.1711527778
D15,AIRPORT,MICHIGAN,LAKE ISABELLA - CAL BREWER MEMORIAL,43.6444722222,-84.9819666667
13C,AIRPORT,MICHIGAN,LAKEVIEW-GRIFFITH FIELD,43.45225,-85.2646388889
DUH,AIRPORT,MICHIGAN,TOLEDO SUBURBAN,41.735875,-83.6557638889
LAN,AIRPORT,MICHIGAN,CAPITAL REGION INTL,42.7786388889,-84.5861944444
D95,AIRPORT,MICHIGAN,DUPONT-LAPEER,43.0664722222,-83.2715555556
8M8,AIRPORT,MICHIGAN,EAGLE II,44.8065277778,-84.2761944444
7MI,AIRPORT,MICHIGAN,FLUGPLATZ,43.3417416667,-82.5482833333
3L7,AIRPORT,MICHIGAN,MILWRICK FLYING M,44.7383444444,-83.3796916667
9G2,AIRPORT,MICHIGAN,PRICES,42.8076111111,-83.7689722222
24C,AIRPORT,MICHIGAN,LOWELL CITY,42.9539194444,-85.3439055556
LDM,AIRPORT,MICHIGAN,MASON COUNTY,43.9625277778,-86.4079166667
5Y4,AIRPORT,MICHIGAN,LOST CREEK,44.6600138889,-84.2375111111
MCD,AIRPORT,MICHIGAN,MACKINAC ISLAND,45.8649833333,-84.6370944444
D90,AIRPORT,MICHIGAN,MANCELONA MUNI,44.9250055556,-85.0667166667
75G,AIRPORT,MICHIGAN,ROSSETTIE,42.1950972222,-84.0308611111
MBL,AIRPORT,MICHIGAN,MANISTEE CO-BLACKER,44.2724722222,-86.2468888889
ISQ,AIRPORT,MICHIGAN,SCHOOLCRAFT COUNTY,45.9746388889,-86.1718333333
76G,AIRPORT,MICHIGAN,MARINE CITY,42.7213777778,-82.5962527778
77G,AIRPORT,MICHIGAN,MARLETTE,43.3118333333,-83.0909166667
SAW,AIRPORT,MICHIGAN,SAWYER INTL,46.3536388889,-87.3953611111
RMY,AIRPORT,MICHIGAN,BROOKS FIELD,42.2511916667,-84.9554416667
TEW,AIRPORT,MICHIGAN,MASON JEWETT FIELD,42.5657777778,-84.4231944444
0C5,AIRPORT,MICHIGAN,CANADIAN LAKES,43.5770111111,-85.284
27C,AIRPORT,MICHIGAN,MECOSTA MORTON,43.6300444444,-85.2614888889
MNM,AIRPORT,MICHIGAN,MENOMINEE-MARINETTE TWIN COUNTY,45.1266861111,-87.6385416667
IKW,AIRPORT,MICHIGAN,JACK BARSTOW,43.6629166667,-84.2613055556
51M,AIRPORT,MICHIGAN,OSCODA COUNTY DENNIS KAUFFMAN MEMORIAL,44.6748333333,-84.1220416667
TTF,AIRPORT,MICHIGAN,CUSTER,41.9398888889,-83.4346666667
6Y0,AIRPORT,MICHIGAN,MOORESTOWN AIRPARK,44.4625111111,-84.9958722222
MOP,AIRPORT,MICHIGAN,MOUNT PLEASANT MUNI,43.6216388889,-84.7373055556
5Y7,AIRPORT,MICHIGAN,HANLEY FIELD,46.3541166667,-86.6209888889
MKG,AIRPORT,MICHIGAN,MUSKEGON COUNTY,43.1676694444,-86.2354361111
3NP,AIRPORT,MICHIGAN,NAPOLEON,42.1710027778,-84.2593083333
6H4,AIRPORT,MICHIGAN,VAN WAGNEN,42.1557638889,-84.3343194444
26W,AIRPORT,MICHIGAN,WOLF LAKE,42.2097222222,-84.2316666667
Y47,AIRPORT,MICHIGAN,OAKLAND SOUTHWEST,42.5031166667,-83.6237166667
ERY,AIRPORT,MICHIGAN,LUCE COUNTY,46.311,-85.4571666667
3TR,AIRPORT,MICHIGAN,JERRY TYLER MEMORIAL,41.8358888889,-86.2251666667
6Y3,AIRPORT,MICHIGAN,NORTH FOX ISLAND,45.4822694444,-85.7804222222
5D5,AIRPORT,MICHIGAN,WOOLSEY MEMORIAL,45.1643777778,-85.5754972222
5N7,AIRPORT,MICHIGAN,HAT FIELD,43.0971888889,-86.0946166667
33C,AIRPORT,MICHIGAN,JABLONSKI,43.0822416667,-86.0947722222
Y96,AIRPORT,MICHIGAN,LEO E GOETZ COUNTY,45.3708444444,-84.2250138889
11J,HELIPORT,MICHIGAN,GORILLA,42.425,-84.5780277778
OGM,AIRPORT,MICHIGAN,ONTONAGON COUNTY - SCHUSTER FIELD,46.8454722222,-89.3670833333
OSC,AIRPORT,MICHIGAN,OSCODA-WURTSMITH,44.4515277778,-83.3941666667
RNP,AIRPORT,MICHIGAN,OWOSSO COMMUNITY,42.9929611111,-84.1384833333
2H4,AIRPORT,MICHIGAN,TRIPLE H,42.3654305556,-85.5556916667
2C5,AIRPORT,MICHIGAN,ALMENA,42.2529833333,-85.8516527778
PLN,AIRPORT,MICHIGAN,PELLSTON RGNL AIRPORT OF EMMET COUNTY,45.5709166667,-84.7967222222
88G,AIRPORT,MICHIGAN,GRADOLPH FLD,41.9197666667,-83.7349361111
52I,AIRPORT,MICHIGAN,GROSS,43.8468888889,-84.0113888889
61D,AIRPORT,MICHIGAN,PLAINWELL MUNI,42.4677916667,-85.6480444444
1D2,AIRPORT,MICHIGAN,CANTON-PLYMOUTH-METTETAL,42.3481527778,-83.4563388889
PTK,AIRPORT,MICHIGAN,OAKLAND COUNTY INTL,42.6656361111,-83.4205055556
29C,AIRPORT,MICHIGAN,GRINDSTONE AIR HARBOR,44.0467777778,-82.9144166667
PHN,AIRPORT,MICHIGAN,ST CLAIR COUNTY INTL,42.9109722222,-82.5288611111
M86,AIRPORT,MICHIGAN,WALLE FIELD,42.4708611111,-86.12725
57D,AIRPORT,MICHIGAN,RAY COMMUNITY,42.73675,-82.8888361111
RCT,AIRPORT,MICHIGAN,NARTRON FIELD,43.9000138889,-85.5167166667
6Y4,AIRPORT,MICHIGAN,VAN EFFEN FLD,46.0520527778,-87.2582055556
35C,AIRPORT,MICHIGAN,WELLS,43.1283611111,-85.5053055556
PZQ,AIRPORT,MICHIGAN,PRESQUE ISLE COUNTY,45.4070833333,-83.8128611111
D98,AIRPORT,MICHIGAN,ROMEO STATE,42.7963333333,-82.9742583333
3RC,AIRPORT,MICHIGAN,ROSCOMMON CONSERVATION,44.4734083333,-84.5668194444
MBS,AIRPORT,MICHIGAN,MBS INTL,43.5329166667,-84.0796388889
HYX,AIRPORT,MICHIGAN,SAGINAW COUNTY H W BROWNE,43.4333611111,-83.8623055556
96G,AIRPORT,MICHIGAN,COWLEY FIELD,43.3757222222,-82.8188333333
Y83,AIRPORT,MICHIGAN,SANDUSKY CITY,43.4556277778,-82.8417833333
CIU,AIRPORT,MICHIGAN,CHIPPEWA COUNTY INTL,46.25075,-84.4723888889
ANJ,AIRPORT,MICHIGAN,SAULT STE MARIE MUNI/SANDERSON FIELD,46.4792222222,-84.3683888889
P97,AIRPORT,MICHIGAN,PRAIRIE RONDE,42.12375,-85.7102777778
98G,AIRPORT,MICHIGAN,SEBEWAING,43.7295083333,-83.4636166667
6Y9,AIRPORT,MICHIGAN,PRICKETT-GROOMS FLD,46.5086527778,-88.7058472222
11G,AIRPORT,MICHIGAN,JOHNSON FIELD,42.9211388889,-82.5854722222
LWA,AIRPORT,MICHIGAN,SOUTH HAVEN AREA RGNL,42.3513305556,-86.2557416667
8D4,AIRPORT,MICHIGAN,PAUL C MILLER-SPARTA,43.1274361111,-85.6791277778
5Y5,AIRPORT,MICHIGAN,DAVID'S LANDING,42.7977777778,-82.5364722222
6Y6,AIRPORT,MICHIGAN,ST HELEN,44.3680027778,-84.4021555556
83D,AIRPORT,MICHIGAN,MACKINAC COUNTY,45.8914444444,-84.7381388889
97G,AIRPORT,MICHIGAN,GLOWACKI,43.0000305556,-84.5958194444
3S5,AIRPORT,MICHIGAN,SCHIFFER ACRES,43.0358611111,-84.4338694444
39T,AIRPORT,MICHIGAN,TRIPP CREEK,43.0647527778,-84.48915
38C,AIRPORT,MICHIGAN,CAIN FIELD,43.5984722222,-85.4924722222
IRS,AIRPORT,MICHIGAN,KIRSCH MUNI,41.8132861111,-85.4389583333
C43,AIRPORT,MICHIGAN,HIRAM CURE,42.7700305556,-84.9649555556
34G,AIRPORT,MICHIGAN,MERILLAT,41.9750444444,-83.9252166667
3TE,AIRPORT,MICHIGAN,MEYERS-DIVER'S,42.0251027778,-83.9393
22T,AIRPORT,MICHIGAN,TECUMSEH MILLS,42.0338472222,-83.8783527778
2T7,HELIPORT,MICHIGAN,VAN CAMP'S,42.0192333333,-83.84865
7Y2,AIRPORT,MICHIGAN,THOMPSONVILLE,44.5177944444,-85.9705666667
HAI,AIRPORT,MICHIGAN,THREE RIVERS MUNI DR HAINES,41.95975,-85.5930555556
Y30,AIRPORT,MICHIGAN,PBEAAYE,45.5311194444,-84.5569805556
TVC,AIRPORT,MICHIGAN,CHERRY CAPITAL,44.7415833333,-85.5817777778
4M0,AIRPORT,MICHIGAN,LAKE ANN AIRWAY ESTATES,44.6961527778,-85.9140472222
Y04,AIRPORT,MICHIGAN,SUGAR LOAF RESORT,44.9124972222,-85.813975
VLL,AIRPORT,MICHIGAN,OAKLAND/TROY,42.5429444444,-83.1778888889
40C,AIRPORT,MICHIGAN,WATERVLIET MUNI,42.2000361111,-86.2500222222
41C,AIRPORT,MICHIGAN,CALKINS FIELD,42.6916972222,-85.6458527778
D11,AIRPORT,MICHIGAN,OJIBWA AIRPARK,43.720025,-85.0028027778
Y31,AIRPORT,MICHIGAN,WEST BRANCH COMMUNITY,44.2448111111,-84.1798083333
3F5,AIRPORT,MICHIGAN,FOREST HILL,42.9107222222,-84.675
42C,AIRPORT,MICHIGAN,WHITE CLOUD,43.5598472222,-85.7741527778
89Y,AIRPORT,MICHIGAN,MAIDENS,42.7338611111,-84.3221111111
53W,AIRPORT,MICHIGAN,WOODRUFF LAKE,43.5544722222,-84.9785555556
48G,AIRPORT,MICHIGAN,GAVAGAN FLD,43.1034444444,-82.8902222222
4Y8,AIRPORT,MICHIGAN,PARA FIELD,43.2022444444,-82.7538888889
D20,AIRPORT,MICHIGAN,YALE,43.112525,-82.7874277778
Z98,AIRPORT,MICHIGAN,OTTAWA EXECUTIVE,42.8172472222,-85.9280916667
D00,AIRPORT,MINNESOTA,NORMAN COUNTY ADA/TWIN VALLEY,47.2604666667,-96.4002638889
AIT,AIRPORT,MINNESOTA,AITKIN MUNI-STEVE KURTZ FIELD,46.5484611111,-93.6766305556
AEL,AIRPORT,MINNESOTA,ALBERT LEA MUNI,43.6813138889,-93.3681472222
AXN,AIRPORT,MINNESOTA,CHANDLER FIELD,45.8663055556,-95.3946666667
AQP,AIRPORT,MINNESOTA,APPLETON MUNI,45.2275,-96.0045277778
AUM,AIRPORT,MINNESOTA,AUSTIN MUNI,43.6626388889,-92.9329166667
7Y3,AIRPORT,MINNESOTA,BACKUS MUNI,46.8269027778,-94.5072194444
7Y4,AIRPORT,MINNESOTA,BAGLEY MUNI,47.5240305556,-95.3637111111
BDE,AIRPORT,MINNESOTA,BAUDETTE INTL,48.7284444444,-94.6121944444
7Y7,AIRPORT,MINNESOTA,A R S SPORT STRIP,44.6597222222,-93.7787722222
BJI,AIRPORT,MINNESOTA,BEMIDJI RGNL,47.5107222222,-94.9347222222
96M,SEAPLANE BASE,MINNESOTA,MOBERG AIR BASE,47.4996722222,-94.9452777778
BBB,AIRPORT,MINNESOTA,BENSON MUNI,45.3319166667,-95.6505833333
7Y9,AIRPORT,MINNESOTA,BIG FALLS MUNI,48.2005138889,-93.762375
FOZ,AIRPORT,MINNESOTA,BIGFORK MUNI,47.7839333333,-93.6509916667
SBU,AIRPORT,MINNESOTA,BLUE EARTH MUNI,43.5953611111,-94.0928611111
9Y0,AIRPORT,MINNESOTA,BOWSTRING,47.5582194444,-93.8699527778
BRD,AIRPORT,MINNESOTA,BRAINERD LAKES RGNL,46.4042222222,-94.1338055556
6D1,AIRPORT,MINNESOTA,BROOTEN MUNI/JOHN O BOHMER FIELD,45.4970472222,-95.1042083333
CFE,AIRPORT,MINNESOTA,BUFFALO MUNI,45.1588333333,-93.8433055556
CHU,AIRPORT,MINNESOTA,HOUSTON COUNTY,43.5963583333,-91.5039444444
CBG,AIRPORT,MINNESOTA,CAMBRIDGE MUNI,45.5574916667,-93.2641833333
CNB,AIRPORT,MINNESOTA,MYERS FIELD,44.7295,-96.2660277778
8Y5,AIRPORT,MINNESOTA,CLARISSA MUNI,46.1130194444,-94.9066888889
8Y6,AIRPORT,MINNESOTA,LEADERS CLEAR LAKE,45.4444083333,-93.9710916667
COQ,AIRPORT,MINNESOTA,CLOQUET CARLTON COUNTY,46.7011111111,-92.5035555556
CQM,AIRPORT,MINNESOTA,COOK MUNI,47.8220833333,-92.6905277778
CDD,SEAPLANE BASE,MINNESOTA,SCOTTS,48.2665694444,-92.4834888889
CKN,AIRPORT,MINNESOTA,CROOKSTON MUNI KIRKWOOD FLD,47.8416555556,-96.6214527778
M69,SEAPLANE BASE,MINNESOTA,BIRCH LAKE,46.3696805556,-93.8138666667
DTL,AIRPORT,MINNESOTA,DETROIT LAKES-WETHING FIELD,46.8251666667,-95.8855833333
TOB,AIRPORT,MINNESOTA,DODGE CENTER,44.0179944444,-92.8316194444
DLH,AIRPORT,MINNESOTA,DULUTH INTL,46.8420833333,-92.1936388889
9M0,SEAPLANE BASE,MINNESOTA,NORTH COUNTRY,47.0149361111,-92.1682416667
DYT,AIRPORT,MINNESOTA,SKY HARBOR,46.7218583333,-92.0434388889
9Y2,AIRPORT,MINNESOTA,EAST GULL LAKE,46.3838555556,-94.3736138889
M16,SEAPLANE BASE,MINNESOTA,STEAM BOAT BAY SEAPLANE BASE,46.3978611111,-94.371
Y63,AIRPORT,MINNESOTA,ELBOW LAKE MUNI - PRIDE OF THE PRAIRIE,45.9848305556,-95.99185
ELO,AIRPORT,MINNESOTA,ELY MUNI,47.8240111111,-91.8293194444
EVM,AIRPORT,MINNESOTA,EVELETH-VIRGINIA MUNI,47.4241666667,-92.4965555556
9Y5,SEAPLANE BASE,MINNESOTA,SKY HARBOR,47.4596472222,-92.4765722222
FRM,AIRPORT,MINNESOTA,FAIRMONT MUNI,43.6439444444,-94.4156111111
FBL,AIRPORT,MINNESOTA,FARIBAULT MUNI,44.3289666667,-93.3130722222
FFM,AIRPORT,MINNESOTA,FERGUS FALLS MUNI-EINAR MICKELSON FLD,46.2843888889,-96.1566944444
D14,AIRPORT,MINNESOTA,FERTILE MUNI,47.5519166667,-96.2921944444
25D,AIRPORT,MINNESOTA,FOREST LAKE,45.2474083333,-92.9928527778
FSE,AIRPORT,MINNESOTA,FOSSTON MUNI,47.5928194444,-95.7734972222
GYL,AIRPORT,MINNESOTA,GLENCOE MUNI,44.7560055556,-94.0814638889
GHW,AIRPORT,MINNESOTA,GLENWOOD MUNI,45.6438277778,-95.3204472222
CKC,AIRPORT,MINNESOTA,GRAND MARAIS/COOK COUNTY,47.8383333333,-90.3829444444
0G5,SEAPLANE BASE,MINNESOTA,GRAND MARAIS/COOK COUNTY,47.8228333333,-90.4073055556
GPZ,AIRPORT,MINNESOTA,GRAND RAPIDS/ITASCA CO-GORDON NEWSTROM FLD,47.2101388889,-93.5099166667
GDB,AIRPORT,MINNESOTA,GRANITE FALLS MUNI/LENZEN-ROE-FAGEN MEMORI,44.7524583333,-95.5555277778
3G2,AIRPORT,MINNESOTA,GRYGLA MUNI - MEL WILKENS FIELD,48.2940833333,-95.6259722222
HCO,AIRPORT,MINNESOTA,HALLOCK MUNI,48.7527305556,-96.9430027778
04Y,AIRPORT,MINNESOTA,HAWLEY MUNI,46.8837777778,-96.3506111111
1D6,AIRPORT,MINNESOTA,HECTOR MUNI,44.7312027778,-94.7118972222
05Y,AIRPORT,MINNESOTA,HENNING MUNI,46.30385,-95.4394805556
06Y,AIRPORT,MINNESOTA,HERMAN MUNI,45.8299583333,-96.1606138889
HIB,AIRPORT,MINNESOTA,RANGE RGNL,47.3865833333,-92.8389722222
07Y,AIRPORT,MINNESOTA,HILL CITY-QUADNA MOUNTAIN,46.9558944444,-93.5974416667
04W,AIRPORT,MINNESOTA,FIELD OF DREAMS,46.0228666667,-92.8951722222
HCD,AIRPORT,MINNESOTA,HUTCHINSON MUNI-BUTLER FIELD,44.8598888889,-94.3825
INL,AIRPORT,MINNESOTA,FALLS INTL-EINARSON FIELD,48.5655833333,-93.4021666667
09I,SEAPLANE BASE,MINNESOTA,INTERNATIONAL FALLS,48.6058333333,-93.3708333333
09Y,SEAPLANE BASE,MINNESOTA,WIPLINE,44.8275555556,-93.0087222222
MJQ,AIRPORT,MINNESOTA,JACKSON MUNI,43.6501416667,-94.9865722222
23D,AIRPORT,MINNESOTA,KARLSTAD MUNI,48.5776,-96.5412666667
12Y,AIRPORT,MINNESOTA,LE SUEUR MUNI,44.4408861111,-93.9158472222
8Y4,SEAPLANE BASE,MINNESOTA,SURFSIDE,45.1499638889,-93.1168888889
LJF,AIRPORT,MINNESOTA,LITCHFIELD MUNI,45.0971388889,-94.50725
LXL,AIRPORT,MINNESOTA,LITTLE FALLS/MORRISON COUNTY-LINDBERGH FLD,45.9494166667,-94.3470555556
13Y,AIRPORT,MINNESOTA,LITTLEFORK MUNI/HANOVER,48.4082777778,-93.579425
14Y,AIRPORT,MINNESOTA,TODD FIELD,45.89825,-94.8738611111
XVG,AIRPORT,MINNESOTA,LONGVILLE MUNI,46.9899166667,-94.2036388889
LYV,AIRPORT,MINNESOTA,QUENTIN AANENSON FIELD,43.6167666667,-96.2177361111
DXX,AIRPORT,MINNESOTA,LAC QUI PARLE COUNTY,44.9864333333,-96.1778583333
3N8,AIRPORT,MINNESOTA,MAHNOMEN COUNTY,47.2605027778,-95.9280861111
MKT,AIRPORT,MINNESOTA,MANKATO RGNL,44.2227777778,-93.9193055556
MGG,AIRPORT,MINNESOTA,MAPLE LAKE MUNI-BILL MAVENCAMP SR FLD,45.2359916667,-93.9855888889
MML,AIRPORT,MINNESOTA,SOUTHWEST MINNESOTA RGNL MARSHALL/RYAN FLD,44.4517222222,-95.8244166667
HZX,AIRPORT,MINNESOTA,ISEDOR IVERSON,46.6187972222,-93.3098111111
18Y,AIRPORT,MINNESOTA,MILACA MUNI,45.7724638889,-93.6321833333
LVN,AIRPORT,MINNESOTA,AIRLAKE,44.6278611111,-93.2280833333
ANE,AIRPORT,MINNESOTA,ANOKA COUNTY-BLAINE ARPT (JANES FIELD),45.1448888889,-93.2101944444
MIC,AIRPORT,MINNESOTA,CRYSTAL,45.062,-93.3539444444
FCM,AIRPORT,MINNESOTA,FLYING CLOUD,44.8275,-93.4585833333
MSP,AIRPORT,MINNESOTA,MINNEAPOLIS-ST PAUL INTL/WOLD-CHAMBERLAIN,44.8819722222,-93.2217777778
MVE,AIRPORT,MINNESOTA,MONTEVIDEO-CHIPPEWA COUNTY,44.9691944444,-95.7103888889
JKJ,AIRPORT,MINNESOTA,MOORHEAD MUNI,46.8392777778,-96.6640277778
MZH,AIRPORT,MINNESOTA,MOOSE LAKE CARLTON COUNTY,46.4186111111,-92.8047777778
JMR,AIRPORT,MINNESOTA,MORA MUNI,45.8892222222,-93.2711666667
MOX,AIRPORT,MINNESOTA,MORRIS MUNI - CHARLIE SCHMIDT FLD,45.5659666667,-95.9671861111
22Y,AIRPORT,MINNESOTA,MOREY'S,46.323575,-94.6386222222
23Y,AIRPORT,MINNESOTA,MURDOCK MUNI,45.2221805556,-95.4011333333
5C3,AIRPORT,MINNESOTA,NARY NATIONAL-SHEFLAND FIELD,47.3753888889,-94.79875
ULM,AIRPORT,MINNESOTA,NEW ULM MUNI,44.3183861111,-94.5016416667
43Y,AIRPORT,MINNESOTA,NORTHOME MUNI,47.8880944444,-94.258275
OVL,AIRPORT,MINNESOTA,OLIVIA RGNL,44.7785694444,-95.0327777778
ORB,AIRPORT,MINNESOTA,ORR RGNL,48.0159166667,-92.8560555556
VVV,AIRPORT,MINNESOTA,ORTONVILLE MUNI-MARTINSON FIELD,45.3041277778,-96.4246083333
OWA,AIRPORT,MINNESOTA,OWATONNA DEGNER RGNL,44.12295,-93.258825
PKD,AIRPORT,MINNESOTA,PARK RAPIDS MUNI-KONSHOK FIELD,46.9012027778,-95.0731055556
PEX,AIRPORT,MINNESOTA,PAYNESVILLE MUNI,45.3720611111,-94.744725
47Y,AIRPORT,MINNESOTA,PELICAN RAPIDS MUNI-LYON'S FIELD,46.641625,-96.1045
16D,AIRPORT,MINNESOTA,PERHAM MUNI,46.6109722222,-95.6061111111
PWC,AIRPORT,MINNESOTA,PINE RIVER RGNL,46.7247861111,-94.3817
48Y,AIRPORT,MINNESOTA,PINEY PINECREEK BORDER,48.9989722222,-95.9820861111
PQN,AIRPORT,MINNESOTA,PIPESTONE MUNI,43.9821305556,-96.3004055556
FKA,AIRPORT,MINNESOTA,FILLMORE COUNTY,43.67675,-92.17975
PNM,AIRPORT,MINNESOTA,PRINCETON MUNI,45.5598611111,-93.6082222222
D81,AIRPORT,MINNESOTA,RED LAKE FALLS MUNI,47.8249666667,-96.257825
RGK,AIRPORT,MINNESOTA,RED WING RGNL,44.5893611111,-92.4849722222
RWF,AIRPORT,MINNESOTA,REDWOOD FALLS MUNI,44.5468888889,-95.082
52Y,AIRPORT,MINNESOTA,REMER MUNI,47.0680083333,-93.9141222222
RST,AIRPORT,MINNESOTA,ROCHESTER INTL,43.9082777778,-92.5000277778
ROX,AIRPORT,MINNESOTA,ROSEAU MUNI/RUDY BILLBERG FIELD,48.85625,-95.6969444444
ROS,AIRPORT,MINNESOTA,RUSH CITY RGNL,45.6971388889,-92.9521666667
55Y,AIRPORT,MINNESOTA,RUSHFORD MUNI,43.815825,-91.8300944444
D39,AIRPORT,MINNESOTA,SAUK CENTRE MUNI,45.7066,-94.9332444444
BFW,AIRPORT,MINNESOTA,SILVER BAY MUNI,47.2490277778,-91.4155833333
DVP,AIRPORT,MINNESOTA,SLAYTON MUNI,43.9867916667,-95.7826111111
Y58,AIRPORT,MINNESOTA,SLEEPY EYE MUNI,44.2499583333,-94.716925
SGS,AIRPORT,MINNESOTA,SOUTH ST PAUL MUNI-RICHARD E FLEMING FLD,44.8571388889,-93.0328611111
D42,AIRPORT,MINNESOTA,SPRINGFIELD MUNI,44.2310555556,-94.9989166667
STC,AIRPORT,MINNESOTA,ST CLOUD RGNL,45.5465555556,-94.0598888889
JYG,AIRPORT,MINNESOTA,ST JAMES MUNI,43.9863527778,-94.5579722222
21D,AIRPORT,MINNESOTA,LAKE ELMO,44.9974916667,-92.8556805556
STP,AIRPORT,MINNESOTA,ST PAUL DOWNTOWN HOLMAN FLD,44.9346222222,-93.0603416667
SYN,AIRPORT,MINNESOTA,STANTON AIRFIELD,44.4755222222,-93.0163194444
SAZ,AIRPORT,MINNESOTA,STAPLES MUNI,46.3808777778,-94.8066
D32,AIRPORT,MINNESOTA,STARBUCK MUNI,45.5991611111,-95.5361527778
D41,AIRPORT,MINNESOTA,STEPHEN MUNI,48.4583111111,-96.8628388889
TVF,AIRPORT,MINNESOTA,THIEF RIVER FALLS RGNL,48.0656666667,-96.185
12D,AIRPORT,MINNESOTA,TOWER MUNI,47.8181555556,-92.2860666667
TKC,AIRPORT,MINNESOTA,TRACY MUNI,44.2494805556,-95.6073694444
TWM,AIRPORT,MINNESOTA,RICHARD B HELGESON,47.0491388889,-91.7452222222
63Y,AIRPORT,MINNESOTA,TYLER MUNI,44.2916305556,-96.1503111111
ADC,AIRPORT,MINNESOTA,WADENA MUNI,46.4499444444,-95.2108305556
Y49,AIRPORT,MINNESOTA,WALKER MUNI,47.1594805556,-94.6453444444
D37,AIRPORT,MINNESOTA,WARREN MUNI,48.1911666667,-96.7113055556
RRT,AIRPORT,MINNESOTA,WARROAD INTL MEMORIAL,48.9414722222,-95.3484722222
ACQ,AIRPORT,MINNESOTA,WASECA MUNI,44.0734638889,-93.5529416667
VWU,AIRPORT,MINNESOTA,WASKISH MUNI,48.1475638889,-94.5174722222
M49,SEAPLANE BASE,MINNESOTA,JOLLY FISHERMAN,47.1430138889,-95.5289166667
68Y,AIRPORT,MINNESOTA,WELLS MUNI,43.7332861111,-93.7835583333
ETH,AIRPORT,MINNESOTA,WHEATON MUNI,45.7805055556,-96.5437972222
BDH,AIRPORT,MINNESOTA,WILLMAR MUNI-JOHN L RICE FIELD,45.1170277778,-95.1293333333
MWM,AIRPORT,MINNESOTA,WINDOM MUNI,43.9134166667,-95.1093888889
ONA,AIRPORT,MINNESOTA,WINONA MUNI-MAX CONRAD FLD,44.0775444444,-91.7090277778
10D,AIRPORT,MINNESOTA,WINSTED MUNI,44.9499611111,-94.0669166667
OTG,AIRPORT,MINNESOTA,WORTHINGTON MUNI,43.6550555556,-95.5791944444
1A2,AIRPORT,NORTH DAKOTA,ARTHUR,47.1126361111,-97.2081472222
ASY,AIRPORT,NORTH DAKOTA,ASHLEY MUNI,46.0230944444,-99.3526472222
20U,AIRPORT,NORTH DAKOTA,BEACH,46.9251666667,-103.9820555556
95D,AIRPORT,NORTH DAKOTA,BEULAH,47.2508388889,-101.8140555556
BIS,AIRPORT,NORTH DAKOTA,BISMARCK MUNI,46.7727222222,-100.74575
D09,AIRPORT,NORTH DAKOTA,BOTTINEAU MUNI,48.8304722222,-100.4173055556
5B4,AIRPORT,NORTH DAKOTA,BOWBELLS MUNI,48.8097472222,-102.2454444444
BWW,AIRPORT,NORTH DAKOTA,BOWMAN RGNL,46.1655166667,-103.30075
9D7,AIRPORT,NORTH DAKOTA,CANDO MUNI,48.4800277778,-99.2363888889
46D,AIRPORT,NORTH DAKOTA,CARRINGTON MUNI,47.4511111111,-99.1513333333
5N8,AIRPORT,NORTH DAKOTA,CASSELTON ROBERT MILLER RGNL,46.8539444444,-97.2078611111
2C8,AIRPORT,NORTH DAKOTA,CAVALIER MUNI,48.7837222222,-97.6319722222
D49,AIRPORT,NORTH DAKOTA,COLUMBUS MUNI,48.8994111111,-102.7922888889
S32,AIRPORT,NORTH DAKOTA,COOPERSTOWN MUNI,47.4227722222,-98.1058694444
D50,AIRPORT,NORTH DAKOTA,CROSBY MUNI,48.9282972222,-103.2975805556
DVL,AIRPORT,NORTH DAKOTA,DEVILS LAKE RGNL,48.1165833333,-98.91
DIK,AIRPORT,NORTH DAKOTA,DICKINSON - THEODORE ROOSEVELT RGNL,46.7973333333,-102.8018611111
D29,AIRPORT,NORTH DAKOTA,DRAYTON MUNI,48.6185138889,-97.1758972222
S28,AIRPORT,NORTH DAKOTA,INTL PEACE GARDEN,48.9977805556,-100.0434583333
51D,AIRPORT,NORTH DAKOTA,EDGELEY MUNI,46.3496944444,-98.735
Y71,AIRPORT,NORTH DAKOTA,ELGIN MUNI,46.3827527778,-101.8449027778
40000000,AIRPORT,NORTH DAKOTA,ELLENDALE MUNI,46.0163333333,-98.5156944444
5N4,AIRPORT,NORTH DAKOTA,SKY HAVEN,46.6268611111,-97.6202305556
FAR,AIRPORT,NORTH DAKOTA,HECTOR INTL,46.92065,-96.8157638889
D54,AIRPORT,NORTH DAKOTA,WEST FARGO MUNI,46.9008,-96.9186944444
D24,AIRPORT,NORTH DAKOTA,FESSENDEN-STREIBEL MUNI,47.6597222222,-99.6609555556
Y27,AIRPORT,NORTH DAKOTA,STANDING ROCK,46.0668833333,-100.6327777778
9G9,AIRPORT,NORTH DAKOTA,GACKLE MUNI,46.6215638889,-99.1644638889
D05,AIRPORT,NORTH DAKOTA,GARRISON MUNI,47.6559583333,-101.4369305556
D57,AIRPORT,NORTH DAKOTA,GLEN ULLIN RGNL,46.8143,-101.8651916667
GAF,AIRPORT,NORTH DAKOTA,HUTSON FIELD,48.4047222222,-97.3709444444
GFK,AIRPORT,NORTH DAKOTA,GRAND FORKS INTL,47.9472777778,-97.1737777778
GWR,AIRPORT,NORTH DAKOTA,GWINNER-ROGER MELROE FIELD,46.2182777778,-97.6433611111
5H4,AIRPORT,NORTH DAKOTA,HARVEY MUNI,47.7912222222,-99.93175
6H8,AIRPORT,NORTH DAKOTA,HAZELTON MUNI,46.4822166667,-100.2637333333
HZE,AIRPORT,NORTH DAKOTA,MERCER COUNTY RGNL,47.2899444444,-101.5809722222
HEI,AIRPORT,NORTH DAKOTA,HETTINGER MUNI,46.0148888889,-102.656
3H4,AIRPORT,NORTH DAKOTA,HILLSBORO MUNI,47.3594055556,-97.0604138889
JMS,AIRPORT,NORTH DAKOTA,JAMESTOWN RGNL,46.9297222222,-98.6781944444
7K5,AIRPORT,NORTH DAKOTA,KENMARE MUNI,48.6676111111,-102.0480027778
9Y1,AIRPORT,NORTH DAKOTA,DUNN COUNTY WEYDAHL FIELD,47.3913305556,-102.7718111111
K74,AIRPORT,NORTH DAKOTA,ROBERT ODEGAARD FIELD,46.6487305556,-96.9990083333
D03,AIRPORT,NORTH DAKOTA,KULM MUNI,46.3067638889,-98.9388333333
4F9,AIRPORT,NORTH DAKOTA,LA MOURE ROTT MUNI,46.3472805556,-98.2814861111
5L0,AIRPORT,NORTH DAKOTA,LAKOTA MUNI,48.0289166667,-98.32575
D55,AIRPORT,NORTH DAKOTA,ROBERTSON FIELD,48.7531305556,-98.3937666667
2L1,AIRPORT,NORTH DAKOTA,LARIMORE MUNI,47.9067138889,-97.6409722222
D31,AIRPORT,NORTH DAKOTA,LEEDS MUNI,48.2849972222,-99.4034666667
4N4,AIRPORT,NORTH DAKOTA,LIDGERWOOD MUNI,46.0891833333,-97.1661333333
7L2,AIRPORT,NORTH DAKOTA,LINTON MUNI,46.2206388889,-100.2456222222
6L3,AIRPORT,NORTH DAKOTA,LISBON MUNI,46.4469722222,-97.7282138889
6D3,AIRPORT,NORTH DAKOTA,MADDOCK MUNI,47.9802611111,-99.5269583333
Y19,AIRPORT,NORTH DAKOTA,MANDAN MUNI,46.7679722222,-100.8943611111
D56,AIRPORT,NORTH DAKOTA,MAYVILLE MUNI,47.4768416667,-97.3280805556
7G2,AIRPORT,NORTH DAKOTA,MC CLUSKY MUNI,47.4620472222,-100.4872277778
8M6,AIRPORT,NORTH DAKOTA,MC VILLE MUNI,47.7703166667,-98.1849138889
4R6,AIRPORT,NORTH DAKOTA,MILNOR MUNI,46.2582916667,-97.4378666667
MOT,AIRPORT,NORTH DAKOTA,MINOT INTL,48.2576388889,-101.2780277778
D06,AIRPORT,NORTH DAKOTA,MINTO MUNI,48.2926027778,-97.3940222222
HBC,AIRPORT,NORTH DAKOTA,MOHALL MUNI,48.7683833333,-101.5369944444
3P3,AIRPORT,NORTH DAKOTA,MOTT MUNI,46.3591638889,-102.3282444444
5B5,AIRPORT,NORTH DAKOTA,NAPOLEON MUNI,46.4942111111,-99.7593694444
8J7,AIRPORT,NORTH DAKOTA,TOMLINSON FIELD,47.6963861111,-99.1312277778
05D,AIRPORT,NORTH DAKOTA,NEW TOWN MUNI,47.9678694444,-102.4780861111
4V4,AIRPORT,NORTH DAKOTA,NORTHWOOD MUNI-VINCE FIELD,47.7248861111,-97.5898111111
2D5,AIRPORT,NORTH DAKOTA,OAKES MUNI,46.1732944444,-98.0800361111
64G,AIRPORT,NORTH DAKOTA,PAGE RGNL,47.1701944444,-97.4819166667
Y37,AIRPORT,NORTH DAKOTA,PARK RIVER - W C SKJERVEN FIELD,48.3940833333,-97.7807777778
Y74,AIRPORT,NORTH DAKOTA,PARSHALL-HANKINS,47.9356833333,-102.1421388889
PMB,AIRPORT,NORTH DAKOTA,PEMBINA MUNI,48.9424166667,-97.2406666667
Y99,AIRPORT,NORTH DAKOTA,TRULSON FIELD,48.0305666667,-101.9532222222
400000000,AIRPORT,NORTH DAKOTA,RICHARDTON,46.8958166667,-102.3567444444
37N,AIRPORT,NORTH DAKOTA,GARRISON DAM RECREATIONAL AIRPARK,47.4827277778,-101.4081472222
2H9,AIRPORT,NORTH DAKOTA,ROLETTE,48.6668611111,-99.8531611111
06D,AIRPORT,NORTH DAKOTA,ROLLA MUNI,48.8844166667,-99.62075
RUG,AIRPORT,NORTH DAKOTA,RUGBY MUNI,48.3903611111,-100.0242777778
4S5,AIRPORT,NORTH DAKOTA,ST THOMAS MUNI,48.6264361111,-97.4390555556
08D,AIRPORT,NORTH DAKOTA,STANLEY MUNI,48.3007972222,-102.40635
D60,AIRPORT,NORTH DAKOTA,TIOGA MUNI,48.3802777778,-102.8973611111
D61,AIRPORT,NORTH DAKOTA,TOWNER MUNI,48.3591944444,-100.3956111111
91N,AIRPORT,NORTH DAKOTA,TURTLE LAKE MUNI,47.5096055556,-100.9166
BAC,AIRPORT,NORTH DAKOTA,BARNES COUNTY MUNI,46.9411833333,-98.0180166667
BWP,AIRPORT,NORTH DAKOTA,HARRY STERN,46.2442916667,-96.6071555556
96D,AIRPORT,NORTH DAKOTA,WALHALLA MUNI,48.9405722222,-97.902775
5C8,AIRPORT,NORTH DAKOTA,WASHBURN MUNI,47.3511666667,-101.0258888889
S25,AIRPORT,NORTH DAKOTA,WATFORD CITY MUNI,47.7965833333,-103.2551944444
D64,AIRPORT,NORTH DAKOTA,WESTHOPE MUNI,48.913075,-101.0337222222
ISN,AIRPORT,NORTH DAKOTA,SLOULIN FLD INTL,48.1779361111,-103.6423444444
6L5,AIRPORT,NORTH DAKOTA,WISHEK MUNI,46.2496277778,-99.5396583333
0D7,AIRPORT,OHIO,ADA,40.7906055556,-83.8291027778
AKR,AIRPORT,OHIO,AKRON FULTON INTL,41.0375,-81.4669166667
CAK,AIRPORT,OHIO,AKRON-CANTON RGNL,40.9150555556,-81.4436388889
1D4,AIRPORT,OHIO,MAYFIELD,40.9925555556,-81.4317777778
2D1,AIRPORT,OHIO,BARBER,40.9699694444,-81.0986666667
4G3,AIRPORT,OHIO,MILLER,40.98175,-81.0421388889
3G4,AIRPORT,OHIO,ASHLAND COUNTY,40.9029722222,-82.2556388889
HZY,AIRPORT,OHIO,NORTHEAST OHIO RGNL,41.7779694444,-80.6955055556
UNI,AIRPORT,OHIO,OHIO UNIVERSITY,39.2118916667,-82.2292527778
7B4,AIRPORT,OHIO,MILLER FARM LANDING STRIP,39.8845055556,-82.58905
2D6,HELIPORT,OHIO,BANNOCK,40.1070138889,-80.9753722222
6G5,AIRPORT,OHIO,BARNESVILLE-BRADFIELD,40.0024166667,-81.1918333333
I69,AIRPORT,OHIO,CLERMONT COUNTY,39.0783888889,-84.2102222222
2D7,AIRPORT,OHIO,BEACH CITY,40.64635,-81.5559
EDJ,AIRPORT,OHIO,BELLEFONTAINE RGNL,40.3722777778,-83.81925
5G7,AIRPORT,OHIO,BLUFFTON,40.8854444444,-83.8686388889
3D8,AIRPORT,OHIO,BORDNER,41.336,-83.7231944444
1G0,AIRPORT,OHIO,WOOD COUNTY,41.391,-83.6301388889
I62,AIRPORT,OHIO,BROOKVILLE AIR-PARK,39.8625527778,-84.4332805556
0G6,AIRPORT,OHIO,WILLIAMS COUNTY,41.4673055556,-84.5067777778
17G,AIRPORT,OHIO,PORT BUCYRUS-CRAWFORD COUNTY,40.7815833333,-82.9748055556
8G6,AIRPORT,OHIO,HARRISON COUNTY,40.2383611111,-81.0128888889
I10,AIRPORT,OHIO,NOBLE COUNTY,39.8009694444,-81.5363222222
CDI,AIRPORT,OHIO,CAMBRIDGE MUNI,39.9750277778,-81.5775833333
08G,HELIPORT,OHIO,SALT FORK LODGE,40.1109027778,-81.5262305556
5D1,HELIPORT,OHIO,STARK COUNTY SHERIFF,40.8397805556,-81.3081638889
TSO,AIRPORT,OHIO,CARROLL COUNTY-TOLSON,40.5616666667,-81.0780833333
5D6,AIRPORT,OHIO,PARSONS,40.6481166667,-81.0687055556
CQA,AIRPORT,OHIO,LAKEFIELD,40.4842777778,-84.5581944444
6CM,AIRPORT,OHIO,CHAPMAN MEMORIAL FIELD,40.29545,-82.7299722222
HTW,AIRPORT,OHIO,LAWRENCE COUNTY AIRPARK,38.4191222222,-82.4948305556
RZT,AIRPORT,OHIO,ROSS COUNTY,39.4404166667,-83.0230555556
LUK,AIRPORT,OHIO,CINCINNATI MUNI AIRPORT LUNKEN FIELD,39.1033333333,-84.4186111111
03I,AIRPORT,OHIO,CLARKS DREAM STRIP,39.6436944444,-83.0174722222
CYO,AIRPORT,OHIO,PICKAWAY COUNTY MEMORIAL,39.516,-82.9821388889
BKL,AIRPORT,OHIO,BURKE LAKEFRONT,41.5178611111,-81.6826388889
CLE,AIRPORT,OHIO,CLEVELAND-HOPKINS INTL,41.4094166667,-81.8546944444
CGF,AIRPORT,OHIO,CUYAHOGA COUNTY,41.5651111111,-81.4863611111
5D9,AIRPORT,OHIO,BANDIT FIELD AIRDROME,41.2239416667,-82.9576888889
4G8,AIRPORT,OHIO,COLUMBIA,41.31915,-81.9601333333
TZR,AIRPORT,OHIO,BOLTON FIELD,39.9011666667,-83.1369166667
04I,AIRPORT,OHIO,COLUMBUS SOUTHWEST,39.9111722222,-83.1888
2A7,HELIPORT,OHIO,DEPARTMENT OF TRANSPORTATION,39.9597861111,-83.0440722222
OSU,AIRPORT,OHIO,OHIO STATE UNIVERSITY,40.0798305556,-83.07315
CMH,AIRPORT,OHIO,PORT COLUMBUS INTL,39.9969444444,-82.8921666667
LCK,AIRPORT,OHIO,RICKENBACKER INTL,39.8137777778,-82.9278055556
I40,AIRPORT,OHIO,RICHARD DOWNING,40.3101666667,-81.8524166667
I44,AIRPORT,OHIO,DAHIO TROTWOOD,39.7658888889,-84.3432777778
5D7,HELIPORT,OHIO,DAYTON TRANSPORTATION CNTR,39.7575555556,-84.1883944444
MGY,AIRPORT,OHIO,DAYTON-WRIGHT BROTHERS,39.5889722222,-84.2248611111
I19,AIRPORT,OHIO,GREENE COUNTY-LEWIS A JACKSON RGNL,39.6910277778,-83.9919888889
DAY,AIRPORT,OHIO,JAMES M COX DAYTON INTL,39.90225,-84.2194166667
I73,AIRPORT,OHIO,MORAINE AIR PARK,39.6821083333,-84.2399916667
DFI,AIRPORT,OHIO,DEFIANCE MEMORIAL,41.3375,-84.4288055556
DLZ,AIRPORT,OHIO,DELAWARE MUNI - JIM MOORE FIELD,40.2795555556,-83.1133888889
6D7,AIRPORT,OHIO,DESHLER MUNI LANDING STRIP,41.2158833333,-83.8743833333
02G,AIRPORT,OHIO,COLUMBIANA COUNTY,40.6733055556,-80.6414166667
1G1,AIRPORT,OHIO,ELYRIA,41.3315277778,-82.10025
FDY,AIRPORT,OHIO,FINDLAY,41.0120277778,-83.6686111111
FZI,AIRPORT,OHIO,FOSTORIA METROPOLITAN,41.1908333333,-83.3930833333
14G,AIRPORT,OHIO,FREMONT,41.3330833333,-83.1611944444
S24,AIRPORT,OHIO,SANDUSKY COUNTY RGNL,41.29575,-83.0372222222
GQQ,AIRPORT,OHIO,GALION MUNI,40.7533888889,-82.7238055556
GAS,AIRPORT,OHIO,GALLIA-MEIGS RGNL,38.8341111111,-82.1634277778
7D8,AIRPORT,OHIO,GATES,41.3511638889,-81.0995388889
7D9,AIRPORT,OHIO,GERMACK,41.7778305556,-80.9039777778
GEO,AIRPORT,OHIO,BROWN COUNTY,38.8819444444,-83.8827361111
HAO,AIRPORT,OHIO,BUTLER CO RGNL-HOGAN FIELD,39.36375,-84.5219444444
I67,AIRPORT,OHIO,CINCINNATI WEST,39.259275,-84.7743055556
HOC,AIRPORT,OHIO,HIGHLAND COUNTY,39.1887611111,-83.5387888889
88D,AIRPORT,OHIO,HINDE,41.4044944444,-82.6031472222
I43,AIRPORT,OHIO,JAMES A RHODES,38.9813583333,-82.57785
89D,AIRPORT,OHIO,KELLEYS ISLAND LAND FLD,41.6026694444,-82.6853527778
1G3,AIRPORT,OHIO,KENT STATE UNIV,41.1513888889,-81.4151111111
I95,AIRPORT,OHIO,HARDIN COUNTY,40.6100833333,-83.64425
92D,AIRPORT,OHIO,LAGRANGE,41.2028305556,-82.1151472222
LHQ,AIRPORT,OHIO,FAIRFIELD COUNTY,39.7556361111,-82.6570944444
I68,AIRPORT,OHIO,WARREN COUNTY/JOHN LANE FIELD,39.4621722222,-84.2518444444
R47,AIRPORT,OHIO,RUHE'S,41.1031055556,-84.0518861111
AOH,AIRPORT,OHIO,LIMA ALLEN COUNTY,40.7074777778,-84.0270777778
UYF,AIRPORT,OHIO,MADISON COUNTY,39.9327222222,-83.462
LPR,AIRPORT,OHIO,LORAIN COUNTY RGNL,41.3442777778,-82.1776388889
MFD,AIRPORT,OHIO,MANSFIELD LAHM RGNL,40.8214166667,-82.5166388889
MNN,AIRPORT,OHIO,MARION MUNI,40.61625,-83.0634722222
MRT,AIRPORT,OHIO,UNION COUNTY,40.2246944444,-83.3516111111
22I,AIRPORT,OHIO,VINTON COUNTY,39.328125,-82.4418194444
I71,AIRPORT,OHIO,MORGAN COUNTY,39.6542361111,-81.8031888889
1G5,AIRPORT,OHIO,MEDINA MUNI,41.1314444444,-81.7648888889
3T7,AIRPORT,OHIO,MIDDLE BASS ISLAND,41.6884,-82.8081777778
3W9,AIRPORT,OHIO,MIDDLE BASS-EAST POINT,41.6944444444,-82.7965555556
7G8,AIRPORT,OHIO,GEAUGA COUNTY,41.4495833333,-81.0629444444
MWO,AIRPORT,OHIO,MIDDLETOWN REGIONAL/HOOK FIELD,39.5318055556,-84.3964444444
10G,AIRPORT,OHIO,HOLMES COUNTY,40.5367,-81.9559388889
4I9,AIRPORT,OHIO,MORROW COUNTY,40.5245277778,-82.8500555556
4I3,AIRPORT,OHIO,KNOX COUNTY,40.3289166667,-82.5260833333
6G4,AIRPORT,OHIO,WYNKOOP,40.3650611111,-82.4957166667
O74,AIRPORT,OHIO,ELLIOTTS LANDING,40.5247222222,-83.5116666667
7W5,AIRPORT,OHIO,HENRY COUNTY,41.3742777778,-84.0678611111
I86,AIRPORT,OHIO,PERRY COUNTY,39.6915944444,-82.1977833333
PHD,AIRPORT,OHIO,HARRY CLEVER FIELD,40.4701666667,-81.4199444444
VTA,AIRPORT,OHIO,NEWARK-HEATH,40.0246666667,-82.4618055556
41N,AIRPORT,OHIO,BRACEVILLE,41.2111666667,-80.9692555556
3X5,AIRPORT,OHIO,NORTH BASS ISLAND,41.718,-82.8211111111
5A1,AIRPORT,OHIO,NORWALK-HURON COUNTY,41.2447638889,-82.551225
OWX,AIRPORT,OHIO,PUTNAM COUNTY,41.0355833333,-83.9819166667
OXD,AIRPORT,OHIO,MIAMI UNIVERSITY,39.50225,-84.7843611111
2G1,AIRPORT,OHIO,CONCORD AIRPARK,41.6670416667,-81.1971833333
6C2,AIRPORT,OHIO,OHIO DUSTING CO INC,40.95255,-83.9821638889
3I7,AIRPORT,OHIO,PHILLIPSBURG,39.9132777778,-84.4004111111
I17,AIRPORT,OHIO,PIQUA AIRPORT- HARTZELL FIELD,40.1646944444,-84.3084166667
PCW,AIRPORT,OHIO,ERIE-OTTAWA INTL,41.5162694444,-82.8694861111
PMH,AIRPORT,OHIO,GREATER PORTSMOUTH RGNL,38.8404722222,-82.8473055556
3W2,AIRPORT,OHIO,PUT IN BAY,41.6366666667,-82.8283333333
5000000000,AIRPORT,OHIO,PACKER,40.407975,-83.2193583333
POV,AIRPORT,OHIO,PORTAGE COUNTY,41.2101805556,-81.251625
8G8,AIRPORT,OHIO,KOONS,40.8833916667,-80.8831388889
38D,AIRPORT,OHIO,SALEM AIRPARK INC,40.9480833333,-80.8620833333
3G6,AIRPORT,OHIO,TRI-CITY,40.906,-81.0000277778
12G,AIRPORT,OHIO,SHELBY COMMUNITY,40.8728611111,-82.6973888889
SCA,AIRPORT,OHIO,SIDNEY MUNI,40.2412777778,-84.1478611111
SGH,AIRPORT,OHIO,SPRINGFIELD-BECKLEY MUNI,39.8402777778,-83.8401666667
2P7,AIRPORT,OHIO,ALDERMAN,40.0568611111,-80.9631861111
O12,SEAPLANE BASE,OHIO,GRAND LAKE ST MARYS,40.5410194444,-84.490675
2G2,AIRPORT,OHIO,JEFFERSON COUNTY AIRPARK,40.3606111111,-80.7016944444
16G,AIRPORT,OHIO,SENECA COUNTY,41.0940555556,-83.2125
6T2,HELIPORT,OHIO,SEAGATE HELISTOP,41.6542138889,-83.5313222222
TDZ,AIRPORT,OHIO,TOLEDO EXECUTIVE,41.5649444444,-83.4822222222
TOL,AIRPORT,OHIO,TOLEDO EXPRESS,41.5868055556,-83.8078333333
2C9,SEAPLANE BASE,OHIO,TOLEDO SEAPLANE BASE,41.6222222222,-83.553375
1G8,AIRPORT,OHIO,EDDIE DEW MEMORIAL AIRPARK,40.4758972222,-80.6281277778
I54,AIRPORT,OHIO,MAD RIVER AIRPARK,40.0200583333,-83.8285388889
37I,AIRPORT,OHIO,TROY SKYPARK,39.9908861111,-84.2705
1WF,AIRPORT,OHIO,WACO FIELD,40.0147638889,-84.1980555556
56D,AIRPORT,OHIO,WYANDOT COUNTY,40.8833666667,-83.3145305556
I74,AIRPORT,OHIO,GRIMES FIELD,40.1323694444,-83.7540611111
38I,AIRPORT,OHIO,WELLER,40.0911694444,-83.6893722222
VNW,AIRPORT,OHIO,VAN WERT COUNTY,40.8638277778,-84.6063555556
VES,AIRPORT,OHIO,DARKE COUNTY,40.2044166667,-84.5319166667
3G3,AIRPORT,OHIO,WADSWORTH MUNI,41.0031555556,-81.7564388889
15G,AIRPORT,OHIO,WELTZIEN SKYPARK,41.0283861111,-81.7984666667
I64,AIRPORT,OHIO,ORTNER,41.2931055556,-82.3707194444
AXV,AIRPORT,OHIO,NEIL ARMSTRONG,40.4935555556,-84.2980833333
62D,AIRPORT,OHIO,WARREN,41.2670277778,-80.9273611111
I23,AIRPORT,OHIO,FAYETTE COUNTY,39.5704027778,-83.4205138889
USE,AIRPORT,OHIO,FULTON COUNTY,41.6097777778,-84.1271861111
EOP,AIRPORT,OHIO,PIKE COUNTY,39.1669722222,-82.9283333333
40I,AIRPORT,OHIO,RED STEWART AIRFIELD,39.5053361111,-84.1218777778
67D,AIRPORT,OHIO,READER-BOTSFORD,41.1625527778,-82.2026555556
80G,AIRPORT,OHIO,TRI-CITY,40.2478472222,-81.7359583333
AMT,AIRPORT,OHIO,ALEXANDER SALAMON,38.8514722222,-83.5662611111
8G1,AIRPORT,OHIO,WILLARD,41.03875,-82.7245638889
LNN,AIRPORT,OHIO,WILLOUGHBY LOST NATION MUNI,41.6840277778,-81.38975
I66,AIRPORT,OHIO,CLINTON FIELD,39.5024722222,-83.8633055556
2B6,AIRPORT,OHIO,HOLLISTER FIELD,39.4375611111,-83.7082555556
ILN,AIRPORT,OHIO,WILMINGTON AIR PARK,39.4279166667,-83.7921111111
4G5,AIRPORT,OHIO,MONROE COUNTY,39.77905,-81.1027777778
BJJ,AIRPORT,OHIO,WAYNE COUNTY,40.8748333333,-81.88825
04G,AIRPORT,OHIO,LANSDOWNE,41.1304722222,-80.6195833333
4G4,AIRPORT,OHIO,YOUNGSTOWN ELSER METRO,40.9617944444,-80.677325
YNG,AIRPORT,OHIO,YOUNGSTOWN-WARREN RGNL,41.2615833333,-80.6803611111
42I,AIRPORT,OHIO,PARR,40.0070111111,-82.0123555556
ZZV,AIRPORT,OHIO,ZANESVILLE MUNI,39.9444444444,-81.8920833333
ABR,AIRPORT,SOUTH DAKOTA,ABERDEEN RGNL,45.4467972222,-98.4224388889
3A9,AIRPORT,SOUTH DAKOTA,ARLINGTON MUNI,44.3938277778,-97.1229472222
EFC,AIRPORT,SOUTH DAKOTA,BELLE FOURCHE MUNI,44.7345555556,-103.8618055556
6V5,AIRPORT,SOUTH DAKOTA,BISON MUNI,45.5183333333,-102.4678333333
5P3,AIRPORT,SOUTH DAKOTA,BOWDLE MUNI,45.4395611111,-99.6752083333
BTN,AIRPORT,SOUTH DAKOTA,BRITTON MUNI,45.8150277778,-97.7428055556
BKX,AIRPORT,SOUTH DAKOTA,BROOKINGS RGNL,44.3045277778,-96.8189166667
9D2,AIRPORT,SOUTH DAKOTA,HARDING COUNTY,45.5795527778,-103.5289083333
7G9,AIRPORT,SOUTH DAKOTA,CANTON MUNI,43.309,-96.5712166667
9V9,AIRPORT,SOUTH DAKOTA,CHAMBERLAIN MUNI,43.7661361111,-99.3212277778
8D7,AIRPORT,SOUTH DAKOTA,CLARK COUNTY,44.8950305556,-97.7104777778
5H3,AIRPORT,SOUTH DAKOTA,CLEAR LAKE MUNI,44.7713527778,-96.6881138889
D65,AIRPORT,SOUTH DAKOTA,CORSICA MUNI,43.4344333333,-98.3975777778
CUT,AIRPORT,SOUTH DAKOTA,CUSTER COUNTY,43.7336583333,-103.6194972222
600000,AIRPORT,SOUTH DAKOTA,WILDER,44.4330527778,-97.5581694444
84D,AIRPORT,SOUTH DAKOTA,CHEYENNE EAGLE BUTTE,44.9843888889,-101.2510555556
6V0,AIRPORT,SOUTH DAKOTA,EDGEMONT MUNI,43.295,-103.8429805556
3W8,AIRPORT,SOUTH DAKOTA,EUREKA MUNI,45.7998888889,-99.6427777778
3V0,AIRPORT,SOUTH DAKOTA,CUSTER STATE PARK,43.7249166667,-103.3499777778
D07,AIRPORT,SOUTH DAKOTA,FAITH MUNI,45.0351666667,-102.0206666667
3FU,AIRPORT,SOUTH DAKOTA,FAULKTON MUNI,45.0306722222,-99.1128722222
4P3,AIRPORT,SOUTH DAKOTA,FLANDREAU MUNI,44.0043722222,-96.5947277778
0D8,AIRPORT,SOUTH DAKOTA,GETTYSBURG MUNI,44.9866111111,-99.9528888889
9D1,AIRPORT,SOUTH DAKOTA,GREGORY MUNI - FLYNN FLD,43.2217777778,-99.4034222222
2000000,AIRPORT,SOUTH DAKOTA,GROTON MUNI,45.5345,-98.09525
5T4,AIRPORT,SOUTH DAKOTA,HERREID MUNI,45.8482916667,-100.0739777778
9D0,AIRPORT,SOUTH DAKOTA,HIGHMORE MUNI,44.5407666667,-99.4510111111
HSR,AIRPORT,SOUTH DAKOTA,HOT SPRINGS MUNI,43.3683055556,-103.3882777778
9F8,AIRPORT,SOUTH DAKOTA,HOVEN MUNI,45.2575583333,-99.7978388889
8D9,AIRPORT,SOUTH DAKOTA,HOWARD MUNI,44.0291388889,-97.5378472222
HON,AIRPORT,SOUTH DAKOTA,HURON RGNL,44.3851944444,-98.2285555556
3Y7,AIRPORT,SOUTH DAKOTA,ISABEL MUNI,45.3897111111,-101.4375722222
5V8,AIRPORT,SOUTH DAKOTA,KADOKA MUNI,43.833325,-101.4970861111
6A6,AIRPORT,SOUTH DAKOTA,KIMBALL MUNI,43.7583305556,-98.9781472222
8D8,AIRPORT,SOUTH DAKOTA,LAKE ANDES MUNI,43.1480472222,-98.5403583333
Y34,AIRPORT,SOUTH DAKOTA,LAKE PRESTON MUNI,44.357275,-97.3848027778
LEM,AIRPORT,SOUTH DAKOTA,LEMMON MUNI,45.9183777778,-102.1055361111
MDS,AIRPORT,SOUTH DAKOTA,MADISON MUNI,44.0164166667,-97.0856111111
9V6,AIRPORT,SOUTH DAKOTA,MARTIN MUNI,43.1656388889,-101.7126944444
5P2,AIRPORT,SOUTH DAKOTA,MC LAUGHLIN MUNI,45.7968083333,-100.78425
1D1,AIRPORT,SOUTH DAKOTA,MILBANK MUNI,45.2305,-96.5660833333
MKA,AIRPORT,SOUTH DAKOTA,MILLER MUNI,44.5252388889,-98.9580777778
MHE,AIRPORT,SOUTH DAKOTA,MITCHELL MUNI,43.7748333333,-98.0386111111
MBG,AIRPORT,SOUTH DAKOTA,MOBRIDGE MUNI,45.5462777778,-100.4062777778
8F6,AIRPORT,SOUTH DAKOTA,MURDO MUNI,43.8521388889,-100.7128055556
7K7,AIRPORT,SOUTH DAKOTA,GRAHAM FIELD,42.5395,-96.4847777778
98D,AIRPORT,SOUTH DAKOTA,ONIDA MUNI,44.7005,-100.1014166667
8V3,AIRPORT,SOUTH DAKOTA,PARKSTON MUNI,43.3774083333,-97.9897083333
PHP,AIRPORT,SOUTH DAKOTA,PHILIP,44.0487305556,-101.5988388889
PIR,AIRPORT,SOUTH DAKOTA,PIERRE RGNL,44.3826944444,-100.2859722222
IEN,AIRPORT,SOUTH DAKOTA,PINE RIDGE,43.0212722222,-102.5066055556
1D3,AIRPORT,SOUTH DAKOTA,PLATTE MUNI,43.4047138889,-98.8304888889
5P5,AIRPORT,SOUTH DAKOTA,PRESHO MUNI,43.9063777778,-100.0370666667
RAP,AIRPORT,SOUTH DAKOTA,RAPID CITY RGNL,44.0453333333,-103.0573611111
1D8,AIRPORT,SOUTH DAKOTA,REDFIELD MUNI,44.862475,-98.5295388889
SUO,AIRPORT,SOUTH DAKOTA,ROSEBUD SIOUX TRIBAL,43.2584722222,-100.8595
FSD,AIRPORT,SOUTH DAKOTA,JOE FOSS FIELD,43.5820111111,-96.7419111111
8D3,AIRPORT,SOUTH DAKOTA,SISSETON MUNI,45.669525,-96.9935833333
SPF,AIRPORT,SOUTH DAKOTA,BLACK HILLS-CLYDE ICE FIELD,44.4810555556,-103.786
Y03,AIRPORT,SOUTH DAKOTA,SPRINGFIELD MUNI,42.8811194444,-97.901625
49B,AIRPORT,SOUTH DAKOTA,STURGIS MUNI,44.418675,-103.3777222222
Y14,AIRPORT,SOUTH DAKOTA,MARV SKIE-LINCOLN COUNTY,43.4549027778,-96.8013138889
D58,AIRPORT,SOUTH DAKOTA,TIMBER LAKE MUNI,45.4149861111,-101.0832
VMR,AIRPORT,SOUTH DAKOTA,HAROLD DAVIDSON FIELD,42.7652777778,-96.93425
AGZ,AIRPORT,SOUTH DAKOTA,WAGNER MUNI,43.0641638889,-98.2963805556
6V4,AIRPORT,SOUTH DAKOTA,WALL MUNI,43.9994944444,-102.2546055556
ATY,AIRPORT,SOUTH DAKOTA,WATERTOWN RGNL,44.9139722222,-97.1547222222
1D7,AIRPORT,SOUTH DAKOTA,THE SIGURD ANDERSON,45.2931111111,-97.5136111111
4X4,AIRPORT,SOUTH DAKOTA,WESSINGTON SPRINGS,44.0618888889,-98.5321944444
7Q7,AIRPORT,SOUTH DAKOTA,WHITE RIVER MUNI,43.5616638889,-100.7418055556
ICR,AIRPORT,SOUTH DAKOTA,WINNER RGNL,43.3894722222,-99.8412222222
YKN,AIRPORT,SOUTH DAKOTA,CHAN GURNEY MUNI,42.9166944444,-97.3859444444
54W,AIRPORT,WISCONSIN,ALBANY,42.7173861111,-89.4241833333
AHH,AIRPORT,WISCONSIN,AMERY MUNI,45.2811472222,-92.3753916667
AIG,AIRPORT,WISCONSIN,LANGLADE COUNTY,45.1539472222,-89.1106166667
ATW,AIRPORT,WISCONSIN,APPLETON INTL,44.2580833333,-88.5190833333
ASX,AIRPORT,WISCONSIN,JOHN F KENNEDY MEMORIAL,46.5485277778,-90.9189722222
DLL,AIRPORT,WISCONSIN,BARABOO WISCONSIN DELLS,43.5220277778,-89.77125
9Y7,AIRPORT,WISCONSIN,BARRON MUNI,45.4074555556,-91.8343388889
44C,AIRPORT,WISCONSIN,BELOIT,42.4977777778,-88.9676111111
BCK,AIRPORT,WISCONSIN,BLACK RIVER FALLS AREA,44.2507361111,-90.8552777778
OVS,AIRPORT,WISCONSIN,BOSCOBEL,43.16085,-90.6737194444
BDJ,AIRPORT,WISCONSIN,BOULDER JUNCTION PAYZER,46.1374472222,-89.6459833333
3T3,AIRPORT,WISCONSIN,BOYCEVILLE MUNI,45.0439527778,-92.0213277778
C37,AIRPORT,WISCONSIN,BRODHEAD,42.591675,-89.3751138889
02C,AIRPORT,WISCONSIN,CAPITOL,43.0902222222,-88.1781583333
BUU,AIRPORT,WISCONSIN,BURLINGTON MUNI,42.6907166667,-88.3046805556
3CU,AIRPORT,WISCONSIN,CABLE UNION,46.195125,-91.2482416667
49C,AIRPORT,WISCONSIN,CAMP LAKE,42.53335,-88.1584194444
C74,AIRPORT,WISCONSIN,CASSVILLE MUNI,42.7042694444,-90.9661055556
Y23,AIRPORT,WISCONSIN,CHETEK MUNI-SOUTHWORTH,45.3064861111,-91.6368222222
11Y,AIRPORT,WISCONSIN,FLYING FEATHERS,44.0611833333,-88.1949333333
CLI,AIRPORT,WISCONSIN,CLINTONVILLE MUNI,44.6132777778,-88.7306972222
Y55,AIRPORT,WISCONSIN,CRANDON/STEVE CONWAY MUNI,45.5226472222,-88.9284361111
3D1,AIRPORT,WISCONSIN,CRIVITZ MUNI,45.2143888889,-88.0737777778
UBE,AIRPORT,WISCONSIN,CUMBERLAND MUNI,45.5060972222,-91.9808
WN2,SEAPLANE BASE,WISCONSIN,SILVER LAKE,45.5844444444,-91.9258333333
C59,AIRPORT,WISCONSIN,LAKE LAWN,42.634125,-88.6011277778
5G4,AIRPORT,WISCONSIN,EAU CLAIRE LAKES,46.3483888889,-91.4965
EGV,AIRPORT,WISCONSIN,EAGLE RIVER UNION,45.9323333333,-89.2682777778
57C,AIRPORT,WISCONSIN,EAST TROY MUNI,42.7971666667,-88.3726111111
EAU,AIRPORT,WISCONSIN,CHIPPEWA VALLEY RGNL,44.8658055556,-91.48425
58C,AIRPORT,WISCONSIN,JANA,42.8727805556,-89.0756666667
60C,AIRPORT,WISCONSIN,ELROY MUNI,43.7063611111,-90.2576277778
3D2,AIRPORT,WISCONSIN,EPHRAIM-GIBRALTAR,45.1357055556,-87.1881277778
FLD,AIRPORT,WISCONSIN,FOND DU LAC COUNTY,43.7711666667,-88.4884166667
61C,AIRPORT,WISCONSIN,FORT ATKINSON MUNI,42.9632027778,-88.8176277778
62C,AIRPORT,WISCONSIN,CINDY GUNTLY MEMORIAL,42.8109388889,-88.0940361111
63C,AIRPORT,WISCONSIN,ADAMS COUNTY LEGION FIELD,43.9605861111,-89.7886444444
GTG,AIRPORT,WISCONSIN,GRANTSBURG MUNI,45.7983777778,-92.6643305556
GRB,AIRPORT,WISCONSIN,GREEN BAY-AUSTIN STRAUBEL INTL,44.4846388889,-88.1297222222
HXF,AIRPORT,WISCONSIN,HARTFORD MUNI,43.3492055556,-88.391275
HYR,AIRPORT,WISCONSIN,SAWYER COUNTY,46.0252638889,-91.4442638889
68C,AIRPORT,WISCONSIN,CENTRAL COUNTY,44.5055361111,-89.0251083333
Y77,AIRPORT,WISCONSIN,BAYFIELD COUNTY,46.5763277778,-91.4585222222
JVL,AIRPORT,WISCONSIN,SOUTHERN WISCONSIN RGNL,42.62025,-89.0415555556
UNU,AIRPORT,WISCONSIN,DODGE COUNTY,43.4264722222,-88.7038611111
ENW,AIRPORT,WISCONSIN,KENOSHA RGNL,42.5956944444,-87.9278055556
LSE,AIRPORT,WISCONSIN,LA CROSSE RGNL,43.8792777778,-91.2566388889
4R5,AIRPORT,WISCONSIN,MAJOR GILBERT FIELD,46.7886666667,-90.7587222222
4P5,SEAPLANE BASE,WISCONSIN,FRANKS,45.8832833333,-90.0001527778
RCX,AIRPORT,WISCONSIN,RUSK COUNTY,45.4965833333,-91.0001861111
C02,AIRPORT,WISCONSIN,GRAND GENEVA RESORT,42.6149166667,-88.3895833333
73C,AIRPORT,WISCONSIN,LANCASTER MUNI,42.7825972222,-90.6810916667
LNL,AIRPORT,WISCONSIN,KINGS LAND O' LAKES,46.1541166667,-89.2119638889
LNR,AIRPORT,WISCONSIN,TRI-COUNTY RGNL,43.2118611111,-90.1798333333
87Y,AIRPORT,WISCONSIN,BLACKHAWK AIRFIELD,43.1047027778,-89.1853611111
MSN,AIRPORT,WISCONSIN,DANE COUNTY RGNL-TRUAX FIELD,43.1398777778,-89.3375027778
D25,AIRPORT,WISCONSIN,MANITOWISH WATERS,46.120225,-89.8821972222
MTW,AIRPORT,WISCONSIN,MANITOWOC COUNTY,44.1287777778,-87.6805833333
MFI,AIRPORT,WISCONSIN,MARSHFIELD MUNI,44.6368777778,-90.189325
MDZ,AIRPORT,WISCONSIN,TAYLOR COUNTY,45.1013166667,-90.3001722222
LUM,AIRPORT,WISCONSIN,MENOMONIE MUNI-SCORE FIELD,44.8923333333,-91.8678055556
RRL,AIRPORT,WISCONSIN,MERRILL MUNI,45.1989166667,-89.7128611111
C29,AIRPORT,WISCONSIN,MIDDLETON MUNI - MOREY FIELD,43.1142694444,-89.5315333333
MKE,AIRPORT,WISCONSIN,GENERAL MITCHELL INTL,42.9469444444,-87.8970555556
MWC,AIRPORT,WISCONSIN,LAWRENCE J TIMMERMAN,43.1103888889,-88.0344166667
MRJ,AIRPORT,WISCONSIN,IOWA COUNTY,42.8868888889,-90.2366666667
ARV,AIRPORT,WISCONSIN,LAKELAND/NOBLE F LEE MEMORIAL FIELD,45.9279166667,-89.7309444444
EFT,AIRPORT,WISCONSIN,MONROE MUNI,42.6149,-89.5904027778
CWA,AIRPORT,WISCONSIN,CENTRAL WISCONSIN,44.7776222222,-89.6667777778
DAF,AIRPORT,WISCONSIN,NECEDAH,44.0334444444,-90.0851111111
79C,AIRPORT,WISCONSIN,BRENNAND,44.1599833333,-88.5595527778
VIQ,AIRPORT,WISCONSIN,NEILLSVILLE MUNI,44.5581111111,-90.51225
8D1,AIRPORT,WISCONSIN,NEW HOLSTEIN MUNI,43.9441027778,-88.1148416667
82C,AIRPORT,WISCONSIN,MAUSTON-NEW LISBON UNION,43.8387666667,-90.1377333333
RNH,AIRPORT,WISCONSIN,NEW RICHMOND RGNL,45.1477777778,-92.5391666667
84C,AIRPORT,WISCONSIN,VALHALLA,42.7625166667,-88.0425833333
OCQ,AIRPORT,WISCONSIN,OCONTO-J DOUGLAS BAKE MUNI,44.8740555556,-87.9097694444
30W,SEAPLANE BASE,WISCONSIN,SWEETWATER BAY,44.9519305556,-87.8084361111
OEO,AIRPORT,WISCONSIN,L O SIMENSTAD MUNI,45.3093416667,-92.6901222222
OSH,AIRPORT,WISCONSIN,WITTMAN RGNL,43.9844888889,-88.5569333333
88C,AIRPORT,WISCONSIN,PALMYRA MUNI,42.8835444444,-88.5999166667
PKF,AIRPORT,WISCONSIN,PARK FALLS MUNI,45.9550888889,-90.4244333333
PBH,AIRPORT,WISCONSIN,PRICE COUNTY,45.7089444444,-90.4025
PVB,AIRPORT,WISCONSIN,PLATTEVILLE MUNI,42.6893611111,-90.4443888889
C47,AIRPORT,WISCONSIN,PORTAGE MUNI,43.5603055556,-89.4828611111
PDC,AIRPORT,WISCONSIN,PRAIRIE DU CHIEN MUNI,43.0192833333,-91.1237305556
91C,AIRPORT,WISCONSIN,SAUK-PRAIRIE,43.2978611111,-89.7558055556
5N2,AIRPORT,WISCONSIN,PRENTICE,45.5430194444,-90.2793138889
92C,AIRPORT,WISCONSIN,CARTER,44.6412194444,-88.2152194444
RAC,AIRPORT,WISCONSIN,JOHN H BATTEN,42.7611666667,-87.8139166667
C35,AIRPORT,WISCONSIN,REEDSBURG MUNI,43.5258972222,-89.9832194444
RHI,AIRPORT,WISCONSIN,RHINELANDER-ONEIDA COUNTY,45.6308972222,-89.4666277778
RPD,AIRPORT,WISCONSIN,RICE LAKE RGNL - CARL'S FIELD,45.4201111111,-91.7733333333
93C,AIRPORT,WISCONSIN,RICHLAND,43.2833555556,-90.2982805556
94C,AIRPORT,WISCONSIN,GILBERT FIELD,43.4499833333,-89.2501138889
96C,AIRPORT,WISCONSIN,FOX RIVER,42.7500138889,-88.2509222222
EZS,AIRPORT,WISCONSIN,SHAWANO MUNI,44.7873055556,-88.5600138889
SBM,AIRPORT,WISCONSIN,SHEBOYGAN COUNTY MEMORIAL,43.7697777778,-87.8517222222
SSQ,AIRPORT,WISCONSIN,SHELL LAKE MUNI,45.7313805556,-91.9206611111
W34,AIRPORT,WISCONSIN,SHIOCTON,44.4547055556,-88.5617666667
RZN,AIRPORT,WISCONSIN,BURNETT COUNTY,45.8234638889,-92.3736916667
SS1,SEAPLANE BASE,WISCONSIN,NORTH COUNTRY,46.3698333333,-91.798
OLG,AIRPORT,WISCONSIN,SOLON SPRINGS MUNI,46.31475,-91.816375
CMY,AIRPORT,WISCONSIN,SPARTA/FORT MC COY,43.9582916667,-90.7379333333
1H9,AIRPORT,WISCONSIN,NEST OF EAGLES,45.8356111111,-91.8028888889
STE,AIRPORT,WISCONSIN,STEVENS POINT MUNI,44.5451333333,-89.5302833333
SUE,AIRPORT,WISCONSIN,DOOR COUNTY CHERRYLAND,44.8436666667,-87.4215277778
C89,AIRPORT,WISCONSIN,SYLVANIA,42.70325,-87.9589722222
SUW,AIRPORT,WISCONSIN,RICHARD I BONG,46.6896833333,-92.0946416667
7P5,AIRPORT,WISCONSIN,PISO,45.0654166667,-88.4270833333
40D,AIRPORT,WISCONSIN,THREE LAKES MUNI,45.7902333333,-89.1209583333
Y72,AIRPORT,WISCONSIN,BLOYER FIELD,43.9762222222,-90.4806111111
TKV,AIRPORT,WISCONSIN,TOMAHAWK RGNL,45.4693611111,-89.8048888889
W19,AIRPORT,WISCONSIN,VERONA,42.9894666667,-89.5094777778
Y51,AIRPORT,WISCONSIN,VIROQUA MUNI,43.5796666667,-90.897575
7V3,AIRPORT,WISCONSIN,BIG FOOT AIRFIELD,42.5256666667,-88.6529722222
2P2,AIRPORT,WISCONSIN,WASHINGTON ISLAND,45.3882527778,-86.9240388889
RYV,AIRPORT,WISCONSIN,WATERTOWN MUNI,43.1696388889,-88.7232222222
UES,AIRPORT,WISCONSIN,WAUKESHA COUNTY,43.0410277778,-88.2370555556
6P3,AIRPORT,WISCONSIN,WAUNAKEE,43.1787222222,-89.4512777778
PCZ,AIRPORT,WISCONSIN,WAUPACA MUNI,44.33325,-89.0197777778
AUW,AIRPORT,WISCONSIN,WAUSAU DOWNTOWN,44.9262833333,-89.627
Y50,AIRPORT,WISCONSIN,WAUTOMA MUNI,44.0431333333,-89.3056888889
ETB,AIRPORT,WISCONSIN,WEST BEND MUNI,43.4221666667,-88.1279166667
5Y3,AIRPORT,WISCONSIN,GUTZMER'S TWIN OAKS,42.8535555556,-88.7598055556
W23,AIRPORT,WISCONSIN,WILD ROSE IDLEWILD,44.1977527778,-89.2178944444
5K6,AIRPORT,WISCONSIN,WESTOSHA,42.5141388889,-88.2051666667
ISW,AIRPORT,WISCONSIN,ALEXANDER FIELD SOUTH WOOD COUNTY,44.3606444444,-89.8381388889
4D1,AIRPORT,WISCONSIN,THREE CASTLES AIRPARK,43.6699722222,-90.2326277778
